Occasion,Date,Section,Transect,Width,Depth1,Depth2,Depth3,Velocity1,Velocity2,Velocity3,Substrate1,Substrate2,Substrate3,Deepest_Depth,Pool_Length,Run_Length,Riffle_Length,UCB1_Len,UCB1_Dep1,UCB1_Dep2,UCB1_Dep3,UCB2_Len,UCB2_Dep1,UCB2_Dep2,UCB2_Dep3,UCB3_Len,UCB3_Dep1,UCB3_Dep2,UCB3_Dep3,UCB4_Len,UCB4_Dep1,UCB4_Dep2,UCB4_Dep3,Comments
1,11/15/2020,1,1,3,15,19,20,0.11,0.16,0.07,CO,SD,PE,24,0,9,0,NA,NA,NA,NA,NA,NA,NA,NA,NA,NA,NA,NA,NA,NA,NA,NA,
1,11/15/2020,1,2,2.4,24,17,15,0.07,0.18,0.12,PE,SD,GV,NA,NA,NA,NA,NA,NA,NA,NA,NA,NA,NA,NA,NA,NA,NA,NA,NA,NA,NA,NA,
1,11/15/2020,1,3,3,15,19,10,0.05,0.11,0.12,PE,SD,PE,NA,NA,NA,NA,NA,NA,NA,NA,NA,NA,NA,NA,NA,NA,NA,NA,NA,NA,NA,NA,
1,11/15/2020,2,1,4.3,12,27,10,0.01,0.02,0.14,PE,PE,SD,75,9,0,0,3.3,40,55,40,NA,NA,NA,NA,NA,NA,NA,NA,NA,NA,NA,NA,
1,11/15/2020,2,2,3.5,66,62,21,0,0.02,0.2,GV,SD,SD,NA,NA,NA,NA,,,,,,,,,,,,,,,,,
1,11/15/2020,2,3,2.2,44,37,14,0,0.06,0.31,CO,CO,PE,NA,NA,NA,NA,,,,,,,,,,,,,,,,,
1,11/15/2020,3,1,3.6,14,14,14,0.27,0.25,0.13,BO,GV,PE,30,0,0,10,NA,NA,NA,NA,NA,NA,NA,NA,NA,NA,NA,NA,NA,NA,NA,NA,
1,11/15/2020,3,2,4.1,9,10,11,0.1,0.26,0.23,PE,PE,PE,NA,NA,NA,NA,,,,,,,,,,,,,,,,,
1,11/15/2020,3,3,5.7,14,10,12,0.24,0.22,0.17,CO,CO,PE,NA,NA,NA,NA,,,,,,,,,,,,,,,,,
1,11/15/2020,4,1,4.2,44,60,30,0.04,0.04,0,BR,BR,SD,70,10,0,0,2,24,70,28,NA,NA,NA,NA,NA,NA,NA,NA,NA,NA,NA,NA,
1,11/15/2020,4,3,3.4,20,30,37,0.04,0.09,0.05,BR,BR,SD,NA,NA,NA,NA,,,,,,,,,,,,,,,,,
1,11/15/2020,5,1,4.3,23,30,33,0.02,0.03,0.1,GV,SD,BR,57,10,0,0,0.6,23,25,20,4.7,63,NA,NA,2.6,50,NA,NA,NA,NA,NA,NA,two woody deris measured one depth UCB2 and UCB3 are hanging roots
1,11/15/2020,5,2,4.3,15,14,36,0,0.1,0.08,PE,SD,PE,NA,NA,NA,NA,,,,,,,,,,,,,,,,,
1,11/15/2020,5,3,5.5,16,22,28,0,0,0.04,PE,SD,SD,NA,NA,NA,NA,,,,,,,,,,,,,,,,,
1,11/15/2020,6,1,5.5,47,71,15,0,0.09,0.03,PE,PE,SD,80,10,0,0,NA,NA,NA,NA,NA,NA,NA,NA,NA,NA,NA,NA,NA,NA,NA,NA,
1,11/15/2020,6,2,5.2,43,73,47,0.03,0.02,0.05,PE,PE,SD,NA,NA,NA,NA,,,,,,,,,,,,,,,,,
1,11/15/2020,6,3,3.4,34,52,25,0.03,0.02,0.18,SL,PE,PE,NA,NA,NA,NA,,,,,,,,,,,,,,,,,
1,11/15/2020,7,1,1.4,15,18,12,0.48,0.68,0.19,PE,PE,PE,28,0,4,6,NA,NA,NA,NA,NA,NA,NA,NA,NA,NA,NA,NA,NA,NA,NA,NA,
1,11/15/2020,7,2,2.8,20,19,8,0.19,0.23,0.23,PE,PE,PE,NA,NA,NA,NA,,,,,,,,,,,,,,,,,
1,11/15/2020,7,3,3.6,13,17,11,0.11,0.11,0.12,PE,PE,PE,NA,NA,NA,NA,,,,,,,,,,,,,,,,,
1,11/15/2020,8,1,3.1,37,30,14,0.07,0.09,0.09,PE,SD,SD,41,0,8,0,NA,NA,NA,NA,NA,NA,NA,NA,NA,NA,NA,NA,NA,NA,NA,NA,
1,11/15/2020,8,2,2.9,23,30,15,0.13,0.11,0.05,SL,SD,GV,NA,NA,NA,NA,,,,,,,,,,,,,,,,,
1,11/15/2020,8,3,2.5,36,33,20,0.12,0.1,0.06,PE,GV,GV,NA,NA,NA,NA,,,,,,,,,,,,,,,,,
1,11/15/2020,9,1,2.3,19,30,19,0.09,0.08,0.17,SL,SD,SD,35,0,3.4,6.6,NA,NA,NA,NA,NA,NA,NA,NA,NA,NA,NA,NA,NA,NA,NA,NA,
1,11/15/2020,9,2,2.6,20,20,21,0.12,0.23,0.23,CO,PE,SD,NA,NA,NA,NA,,,,,,,,,,,,,,,,,
1,11/15/2020,9,3,4.1,11,13,5,0.34,0.62,0.16,SD,PE,PE,NA,NA,NA,NA,,,,,,,,,,,,,,,,,
1,11/15/2020,10,1,5.6,5,5,51,0.06,0.05,0.06,SD,SD,GV,77,11,0,0,1.9,1.2,NA,NA,NA,NA,NA,NA,NA,NA,NA,NA,NA,NA,NA,NA,rocky cover measured one depth
1,11/15/2020,10,2,4.9,25,32,33,0,0.08,0.03,GV,PE,BO,NA,NA,NA,NA,,,,,,,,,,,,,,,,,
1,11/15/2020,10,3,5.4,20,67,54,0.02,0.06,0,SD,PE,GV,NA,NA,NA,NA,,,,,,,,,,,,,,,,,
1,11/15/2020,11,1,3.2,14,44,52,0.02,0.04,0.05,SD,GV,PE,67,0,2.9,5.1,2.7,78,34,76,NA,NA,NA,NA,NA,NA,NA,NA,NA,NA,NA,NA,
1,11/15/2020,11,2,2.9,6,30,23,0.03,0.07,0.25,SD,CO,SD,NA,NA,NA,NA,,,,,,,,,,,,,,,,,
1,11/15/2020,11,3,4.3,12,14,9,0.08,0.11,0.82,PE,CO,BR,NA,NA,NA,NA,,,,,,,,,,,,,,,,,
1,11/15/2020,12,1,5.6,23,23,30,0.02,0.03,0.02,GV,GV,GV,80,10,0,0,1.6,40,49,9,1.8,38,68,40,1.6,65,80,37,NA,NA,NA,NA,
1,11/15/2020,12,2,4.6,54,30,11,0.05,0.02,0.04,CO,PE,PE,NA,NA,NA,NA,,,,,,,,,,,,,,,,,
1,11/15/2020,12,3,3.7,77,33,24,0.02,0.01,0.03,PE,PE,SD,NA,NA,NA,NA,,,,,,,,,,,,,,,,,
1,11/15/2020,13,1,4.5,41,60,15,0,0.11,0.02,BR,PE,SD,73,10,0,0,2,30,50,42,NA,NA,NA,NA,NA,NA,NA,NA,NA,NA,NA,NA,
1,11/15/2020,13,2,4.1,42,61,33,0.02,0.06,0.02,BR,SD,SD,NA,NA,NA,NA,,,,,,,,,,,,,,,,,
1,11/15/2020,13,3,3.2,15,29,24,0.03,0.06,0.07,SD,CO,BR,NA,NA,NA,NA,,,,,,,,,,,,,,,,,
1,11/15/2020,14,1,2.6,8,30,34,0.02,0.08,0.16,SD,CO,SL,40,0,9.4,2.6,NA,NA,NA,NA,NA,NA,NA,NA,NA,NA,NA,NA,NA,NA,NA,NA,
1,11/15/2020,14,2,3,13,12,16,0.03,0.27,0.24,CO,PE,PE,NA,NA,NA,NA,,,,,,,,,,,,,,,,,
1,11/15/2020,14,3,3.3,19,25,4,0.12,0.25,0.24,CO,CO,SD,NA,NA,NA,NA,,,,,,,,,,,,,,,,,
1,11/15/2020,15,1,3,10,10,8,0.15,0.33,0.17,CO,CO,CO,32,0,10,0,NA,NA,NA,NA,NA,NA,NA,NA,NA,NA,NA,NA,NA,NA,NA,NA,
1,11/15/2020,15,2,2.8,16,9,8,0.27,0.29,0.22,CO,BR,CO,NA,NA,NA,NA,,,,,,,,,,,,,,,,,
1,11/15/2020,15,3,2.5,27,24,15,0.14,0.15,0.11,CO,CO,BR,NA,NA,NA,NA,,,,,,,,,,,,,,,,,
1,11/15/2020,16,1,2.3,14,15,17,0.17,0.08,0.17,CO,BO,BR,23,0,0,10,2.8,70,61,35,NA,NA,NA,NA,NA,NA,NA,NA,NA,NA,NA,NA,
1,11/15/2020,16,2,3.3,14,10,5,0.25,0.64,0.12,CO,BO,PE,NA,NA,NA,NA,,,,,,,,,,,,,,,,,
1,11/15/2020,16,3,3.7,10,17,11,0.18,0.29,0.2,SD,CO,BO,NA,NA,NA,NA,,,,,,,,,,,,,,,,,
1,11/15/2020,17,1,4.1,12,17,14,0.17,0.01,0.11,CO,BR,SD,30,0,9,0,NA,NA,NA,NA,NA,NA,NA,NA,NA,NA,NA,NA,NA,NA,NA,NA,
1,11/15/2020,17,2,3.8,10,15,22,0.11,0.16,0.12,BR,BR,BR,NA,NA,NA,NA,,,,,,,,,,,,,,,,,
1,11/15/2020,17,3,4.3,19,20,14,0.06,0.06,0.03,BR,BR,BO,NA,NA,NA,NA,,,,,,,,,,,,,,,,,
1,11/15/2020,18,1,2.8,13,25,5,0.36,0.18,0.15,BR,BR,PE,25,0,0,10,NA,NA,NA,NA,NA,NA,NA,NA,NA,NA,NA,NA,NA,NA,NA,NA,
1,11/15/2020,18,2,1.9,16,20,10,0.49,0.24,0.22,CO,PE,PE,NA,NA,NA,NA,,,,,,,,,,,,,,,,,
1,11/15/2020,18,3,2.1,5,13,2,0.98,0.91,0.15,BR,PE,PE,NA,NA,NA,NA,,,,,,,,,,,,,,,,,
1,11/15/2020,19,1,4.7,7,10,19,0.02,0.07,0.12,PE,GV,CO,44,10,0,0,2.7,24,36,70,NA,NA,NA,NA,NA,NA,NA,NA,NA,NA,NA,NA,
1,11/15/2020,19,2,4.3,12,17,23,0.01,0.03,0.05,GV,CO,PE,NA,NA,NA,NA,,,,,,,,,,,,,,,,,
1,11/15/2020,19,3,4.5,24,40,32,0,0.05,0,SD,CO,PE,NA,NA,NA,NA,,,,,,,,,,,,,,,,,
1,11/15/2020,20,1,3.8,32,59,38,0.01,0.03,0.02,SD,CO,CO,65,6.7,0,3.3,2,37,55,66,NA,NA,NA,NA,NA,NA,NA,NA,NA,NA,NA,NA,
1,11/15/2020,20,2,2.9,24,48,22,0.02,0.03,0.02,SD,CO,PE,NA,NA,NA,NA,,,,,,,,,,,,,,,,,
1,11/15/2020,20,3,2.5,5,12,14,0.66,0.72,0.34,CO,BO,CO,NA,NA,NA,NA,,,,,,,,,,,,,,,,,
1,11/15/2020,21,1,2.5,15,20,14,0.12,0.18,0.15,CO,CO,CO,27,7.1,2.9,0,NA,NA,NA,NA,NA,NA,NA,NA,NA,NA,NA,NA,NA,NA,NA,NA,
1,11/15/2020,21,2,3.5,17,25,12,0.05,0.08,0.01,PE,PE,CO,NA,NA,NA,NA,,,,,,,,,,,,,,,,,
1,11/15/2020,21,3,4.6,19,20,15,0.07,0.1,0.05,PE,SD,SD,NA,NA,NA,NA,,,,,,,,,,,,,,,,,
1,11/15/2020,22,1,4,37,22,9,0.07,0.09,0.06,PE,PE,SD,43,10,0,0,1.6,30,50,43,NA,NA,NA,NA,NA,NA,NA,NA,NA,NA,NA,NA,
1,11/15/2020,22,2,3.2,30,30,16,0.07,0.07,0.05,PE,PE,PE,NA,NA,NA,NA,,,,,,,,,,,,,,,,,
1,11/15/2020,22,3,3,24,21,14,0.06,0.09,0.1,SL,BR,SD,NA,NA,NA,NA,,,,,,,,,,,,,,,,,
1,11/15/2020,23,1,3.9,20,35,21,0.04,0.08,0.07,PE,BR,SD,55,10,0,0,0.8,25,16,27,NA,NA,NA,NA,NA,NA,NA,NA,NA,NA,NA,NA,
1,11/15/2020,23,2,4,13,10,43,0.01,0.07,0.07,BR,BR,SD,NA,NA,NA,NA,,,,,,,,,,,,,,,,,
1,11/15/2020,23,3,5.1,13,18,16,0.08,0.08,0.01,CO,CO,CO,NA,NA,NA,NA,,,,,,,,,,,,,,,,,
1,11/15/2020,24,1,4.5,20,15,8,0.06,0.07,0.09,SD,SD,CO,46,9,0,0,0.3,10,NA,NA,0.3,40,NA,NA,NA,NA,NA,NA,NA,NA,NA,NA,two woody deris mearued one depth
1,11/15/2020,24,2,4.3,10,35,46,0.02,0.08,0,SD,GV,PE,NA,NA,NA,NA,,,,,,,,,,,,,,,,,
1,11/15/2020,24,3,3.8,14,14,21,0,0.15,0.17,SD,PE,PE,NA,NA,NA,NA,,,,,,,,,,,,,,,,,
1,11/15/2020,25,1,3.2,10,10,7,0.31,0.18,0.03,CO,PE,CO,35,0,5.8,5.2,1.6,52,45,40,NA,NA,NA,NA,NA,NA,NA,NA,NA,NA,NA,NA,
1,11/15/2020,25,2,3.5,21,7,5,0.18,0.21,0.21,CO,PE,SD,NA,NA,NA,NA,,,,,,,,,,,,,,,,,
1,11/15/2020,25,3,2.7,25,35,10,0.04,0.13,0.09,SL,CO,SD,NA,NA,NA,NA,,,,,,,,,,,,,,,,,
1,11/15/2020,26,1,3.1,27,24,12,0.13,0.18,0.1,BR,PE,SD,32,0,10,0,NA,NA,NA,NA,NA,NA,NA,NA,NA,NA,NA,NA,NA,NA,NA,NA,
1,11/15/2020,26,2,3.1,32,17,12,0.18,0.18,0.08,SL,SD,PE,NA,NA,NA,NA,,,,,,,,,,,,,,,,,
1,11/15/2020,26,3,3.9,10,10,6,0.31,0.21,0.1,SD,PE,PE,NA,NA,NA,NA,,,,,,,,,,,,,,,,,
1,11/15/2020,27,1,2.2,8,18,22,0.05,0.16,0.09,PE,PE,PE,22,0,0,10,NA,NA,NA,NA,NA,NA,NA,NA,NA,NA,NA,NA,NA,NA,NA,NA,
1,11/15/2020,27,2,1.8,7,10,8,0.27,0.41,0.33,PE,CO,CO,NA,NA,NA,NA,,,,,,,,,,,,,,,,,
1,11/15/2020,27,3,2.6,5,13,11,0.05,0.22,0.2,PE,PE,CO,NA,NA,NA,NA,,,,,,,,,,,,,,,,,
1,11/15/2020,28,1,4.7,4,7,13,0.03,0.05,0.05,PE,CO,CO,25,0,10,0,NA,NA,NA,NA,NA,NA,NA,NA,NA,NA,NA,NA,NA,NA,NA,NA,
1,11/15/2020,28,2,5,12,14,10,0.06,0.09,0.17,PE,PE,CO,NA,NA,NA,NA,,,,,,,,,,,,,,,,,
1,11/15/2020,28,3,4.8,15,20,15,0.08,0.08,0.06,CO,CO,PE,NA,NA,NA,NA,,,,,,,,,,,,,,,,,
1,11/15/2020,29,1,3.9,8,16,19,0.06,0.06,0.05,CO,CO,PE,30,0,10,0,NA,NA,NA,NA,NA,NA,NA,NA,NA,NA,NA,NA,NA,NA,NA,NA,
1,11/15/2020,29,2,3.3,12,17,15,0.08,0.08,0.14,BR,CO,BO,NA,NA,NA,NA,,,,,,,,,,,,,,,,,
1,11/15/2020,29,3,3,5,25,27,0.05,0.06,0.05,SD,CO,PE,NA,NA,NA,NA,,,,,,,,,,,,,,,,,
1,11/15/2020,30,1,3,15,13,22,0.16,0.17,0.46,PE,PE,BR,35,0,10,0,2.3,22,35,35,NA,NA,NA,NA,NA,NA,NA,NA,NA,NA,NA,NA,
1,11/15/2020,30,2,2.5,22,29,25,0.14,0.11,0.13,BR,BR,SD,NA,NA,NA,NA,,,,,,,,,,,,,,,,,
1,11/15/2020,30,3,1.4,30,35,27,0.18,0.28,0.2,CO,GV,BR,NA,NA,NA,NA,,,,,,,,,,,,,,,,,
1,11/18/2020,31,1,3.5,18,14,29,0.06,0.15,0.05,BR,BR,BR,41,10,0,0,4.3,40,21,50,NA,NA,NA,NA,NA,NA,NA,NA,NA,NA,NA,NA,
1,11/18/2020,31,2,2,22,14,9,0.08,0.13,0.12,PE,BO,CO,NA,NA,NA,NA,,,,,,,,,,,,,,,,,
1,11/18/2020,31,3,2.8,27,37,24,0.02,0.05,0.05,PE,CO,PE,NA,NA,NA,NA,,,,,,,,,,,,,,,,,
1,11/18/2020,32,1,4.7,24,40,22,0.15,0.01,0.07,BR,CO,CO,44,9,0,0,2.2,30,5,5,3.1,33,77,47,NA,NA,NA,NA,NA,NA,NA,NA,
1,11/18/2020,32,2,3.2,12,13,12,0.13,0.17,0.03,BR,BR,BR,NA,NA,NA,NA,,,,,,,,,,,,,,,,,
1,11/18/2020,32,3,2.9,28,25,15,0,0.18,0.04,BO,BO,CO,NA,NA,NA,NA,,,,,,,,,,,,,,,,,
1,11/18/2020,33,1,2.4,6,11,11,0.1,0.34,0.56,CO,CO,CO,20,0,3.3,6.7,0.95,80,NA,NA,NA,NA,NA,NA,NA,NA,NA,NA,NA,NA,NA,NA,one woody debris meaured one depth
1,11/18/2020,33,2,2.5,5,10,10,0.26,0.18,0.05,CO,CO,PE,NA,NA,NA,NA,,,,,,,,,,,,,,,,,
1,11/18/2020,33,3,1.9,18,16,8,0.25,0.23,0.11,PE,PE,CO,NA,NA,NA,NA,,,,,,,,,,,,,,,,,
1,11/18/2020,34,1,5,28,8,15,0.09,0.04,0,PE,PE,PE,48,10,0,0,3.3,26,30,25,NA,NA,NA,NA,NA,NA,NA,NA,NA,NA,NA,NA,
1,11/18/2020,34,2,5.2,24,22,38,0.02,0.03,0,PE,PE,SD,NA,NA,NA,NA,,,,,,,,,,,,,,,,,
1,11/18/2020,34,3,5.5,20,29,34,0.01,0,0.01,SD,SD,PE,NA,NA,NA,NA,,,,,,,,,,,,,,,,,
1,11/18/2020,35,1,4.4,35,76,43,0.05,0.02,0,SD,SL,CO,100,10,0,0,1.5,100,100,90,2.7,28,NA,NA,1.3,26,NA,NA,1.7,50,35,28,"two woody debris measured one depth, undercut in section34 is located at section35 UCB2 and UCB3 are hanging roots"
1,11/18/2020,35,2,4.6,6,92,55,0.02,0,0.01,SD,GV,PE,NA,NA,NA,NA,,,,,,,,,,,,,,,,,
1,11/18/2020,35,3,4.6,23,67,74,0.02,0.05,0.02,PE,PE,SL,NA,NA,NA,NA,,,,,,,,,,,,,,,,,
1,11/18/2020,36,1,4.4,9,10,3,0.13,0.13,0.13,CO,PE,SD,47,10,0,0,3.9,30,0,30,NA,NA,NA,NA,NA,NA,NA,NA,NA,NA,NA,NA,
1,11/18/2020,36,2,3.5,26,25,15,0.01,0.05,0.06,CO,PE,PE,NA,NA,NA,NA,,,,,,,,,,,,,,,,,
1,11/18/2020,36,3,3.3,27,39,22,0.05,0.08,0.04,BO,BR,PE,NA,NA,NA,NA,,,,,,,,,,,,,,,,,
1,11/18/2020,37,1,3.5,26,57,37,0,0.02,0.05,PE,PE,SD,63,9,0,0,NA,NA,NA,NA,NA,NA,NA,NA,NA,NA,NA,NA,NA,NA,NA,NA,
1,11/18/2020,37,2,4.2,20,14,20,0.01,0,0.1,BO,BR,SD,NA,NA,NA,NA,,,,,,,,,,,,,,,,,
1,11/18/2020,37,3,4.4,36,41,10,0,0.05,0.05,PE,CO,CO,NA,NA,NA,NA,,,,,,,,,,,,,,,,,
1,11/18/2020,38,1,2.8,9,5,8,0.2,0.16,0.63,CO,CO,CO,25,0,0,10,NA,NA,NA,NA,NA,NA,NA,NA,NA,NA,NA,NA,NA,NA,NA,NA,data measurement error on habitat length
1,11/18/2020,38,2,4,14,8,10,0,0.16,0.36,CO,CO,CO,NA,NA,NA,NA,,,,,,,,,,,,,,,,,
1,11/18/2020,38,3,3.7,25,22,10,0.11,0.15,0.16,PE,PE,CO,NA,NA,NA,NA,,,,,,,,,,,,,,,,,
1,11/18/2020,39,1,3.9,10,17,9,0.04,0.11,0.04,BR,SD,SD,37,10,0,0,NA,NA,NA,NA,NA,NA,NA,NA,NA,NA,NA,NA,NA,NA,NA,NA,tree has been removed
1,11/18/2020,39,2,4.5,30,27,10,0,0.03,0.07,SL,SD,SD,NA,NA,NA,NA,,,,,,,,,,,,,,,,,
1,11/18/2020,39,3,5.1,25,21,17,0,0.05,0.07,PE,GV,SD,NA,NA,NA,NA,,,,,,,,,,,,,,,,,
1,11/18/2020,40,1,3.3,9,7,5,0.21,0.46,0.3,BR,PE,PE,18,0,0,10,NA,NA,NA,NA,NA,NA,NA,NA,NA,NA,NA,NA,NA,NA,NA,NA,
1,11/18/2020,40,2,2.9,8,14,11,0.04,0.33,0.11,BR,BR,PE,NA,NA,NA,NA,,,,,,,,,,,,,,,,,
1,11/18/2020,40,3,5.6,9,7,4,0.23,0.46,0.15,PE,BR,BR,NA,NA,NA,NA,,,,,,,,,,,,,,,,,
1,11/18/2020,41,1,4.7,8,12,16,0.09,0.02,0,BR,PE,PE,26,10,0,0,NA,NA,NA,NA,NA,NA,NA,NA,NA,NA,NA,NA,NA,NA,NA,NA,
1,11/18/2020,41,2,4.6,10,8,15,0.04,0.05,0.09,BR,BR,CO,NA,NA,NA,NA,,,,,,,,,,,,,,,,,
1,11/18/2020,41,3,5.2,15,23,19,0.06,0.01,0.08,BO,BR,BO,NA,NA,NA,NA,,,,,,,,,,,,,,,,,
1,11/18/2020,42,1,5.2,31,24,29,0,0.05,0.01,BR,BO,SL,54,10,0,0,2.8,110,80,90,1.37,20,NA,NA,NA,NA,NA,NA,NA,NA,NA,NA,one woody debris meaured one depth
1,11/18/2020,42,2,4.6,32,36,33,0,0.05,0.01,BO,BR,CO,NA,NA,NA,NA,,,,,,,,,,,,,,,,,
1,11/18/2020,42,3,4.4,23,10,14,0.04,0.05,0,CO,CO,BO,NA,NA,NA,NA,,,,,,,,,,,,,,,,,
1,11/18/2020,43,1,3.1,12,34,17,0,0.08,0.04,SD,BR,BR,34,5.8,5.2,0,NA,NA,NA,NA,NA,NA,NA,NA,NA,NA,NA,NA,NA,NA,NA,NA,
1,11/18/2020,43,2,2.9,21,8,15,0.12,0.17,0.19,SD,BR,PE,NA,NA,NA,NA,,,,,,,,,,,,,,,,,
1,11/18/2020,43,3,4.2,5,5,12,0.26,0.36,0.15,CO,PE,BR,NA,NA,NA,NA,,,,,,,,,,,,,,,,,
2,2/28/21,1,1,2.6,20,23,22,0.06,0.24,0.08,CO,PE,PE,42,0,9,0,NA,NA,NA,NA,NA,NA,NA,NA,NA,NA,NA,NA,NA,NA,NA,NA,
2,2/28/2021,1,2,3,24,19,20,0.14,0.26,0.16,PE,SD,SD,NA,NA,NA,NA,,,,,,,,,,,,,,,,,
2,2/28/2021,1,3,3.4,24,18,15,0.13,0.26,0.22,PE,PE,GV,NA,NA,NA,NA,,,,,,,,,,,,,,,,,
2,2/28/2021,2,1,4.1,22,26,15,0.01,0.07,0.09,PE,PE,SD,77,7.5,1.5,0,3.5,16,57,40,NA,NA,NA,NA,NA,NA,NA,NA,NA,NA,NA,NA,
2,2/28/2021,2,2,3.8,46,52,28,0,0.11,0.11,CO,CO,SD,NA,NA,NA,NA,,,,,,,,,,,,,,,,,
2,2/28/2021,2,3,2.7,71,60,40,0,0.21,0,BO,BO,GV,NA,NA,NA,NA,,,,,,,,,,,,,,,,,
2,2/28/2021,3,1,3.3,19,28,17,0.21,0.19,0.31,BO,PE,PE,28,0,0,10,NA,NA,NA,NA,NA,NA,NA,NA,NA,NA,NA,NA,NA,NA,NA,NA,
2,2/28/2021,3,2,4,13,15,12,0.17,0.35,0.34,CO,CO,PE,NA,NA,NA,NA,,,,,,,,,,,,,,,,,
2,2/28/2021,3,3,5.2,13,14,12,0.22,0.27,0.21,PE,CO,PE,NA,NA,NA,NA,,,,,,,,,,,,,,,,,
2,2/28/2021,4,1,4.4,35,49,44,0,0.1,0.09,BO,BR,SD,59,10,0,0,2.1,50,75,20,NA,NA,NA,NA,NA,NA,NA,NA,NA,NA,NA,NA,
2,2/28/2021,4,2,4.6,35,59,48,0,0.18,0,SD,PE,SL,NA,NA,NA,NA,,,,,,,,,,,,,,,,,
2,2/28/2021,4,3,3.7,58,52,28,0,0.05,0.08,BR,BR,GV,NA,NA,NA,NA,,,,,,,,,,,,,,,,,
2,2/28/2021,5,1,4,40,33,34,0.16,0.07,0,CO,PE,SD,71,10,0,0,3.3,40,80,60,2.1,20,20,10,NA,NA,NA,NA,NA,NA,NA,NA,UCB1 are hanging roots
2,2/28/2021,5,2,4.4,18,32,43,0.01,0.17,0.1,SD,SD,PE,NA,NA,NA,NA,,,,,,,,,,,,,,,,,
2,2/28/2021,5,3,5.8,22,55,35,0,0.01,0.1,PE,PE,CO,NA,NA,NA,NA,,,,,,,,,,,,,,,,,
2,2/28/2021,6,1,5.2,53,51,35,0,0.04,0.02,GV,SD,SD,92,10,0,0,NA,NA,NA,NA,NA,NA,NA,NA,NA,NA,NA,NA,NA,NA,NA,NA,
2,2/28/2021,6,2,5,55,86,58,0,0,0.21,SD,SD,SD,NA,NA,NA,NA,,,,,,,,,,,,,,,,,
2,2/28/2021,6,3,3.6,65,69,42,0,0,0.24,SL,SL,GV,NA,NA,NA,NA,,,,,,,,,,,,,,,,,
2,2/28/2021,7,1,1.7,24,23,16,0.87,0.52,0.67,PE,PE,PE,26,0,6,4,NA,NA,NA,NA,NA,NA,NA,NA,NA,NA,NA,NA,NA,NA,NA,NA,
2,2/28/2021,7,2,2.9,22,21,13,0.35,0.28,0.24,CO,PE,PE,NA,NA,NA,NA,,,,,,,,,,,,,,,,,
2,2/28/2021,7,3,3.4,18,21,19,0.19,0.21,0.21,CO,PE,PE,NA,NA,NA,NA,,,,,,,,,,,,,,,,,
2,2/28/2021,8,1,3,38,36,19,0.1,0.25,0.1,PE,GV,GV,45,0,8,0,NA,NA,NA,NA,NA,NA,NA,NA,NA,NA,NA,NA,NA,NA,NA,NA,
2,2/28/2021,8,2,2.8,23,27,22,0.22,0.19,0.1,SL,GV,GV,NA,NA,NA,NA,,,,,,,,,,,,,,,,,
2,2/28/2021,8,3,2.3,41,36,22,0.18,0.23,0.12,SL,PE,PE,NA,NA,NA,NA,,,,,,,,,,,,,,,,,
2,2/28/2021,9,1,2.6,33,37,24,0.08,0.27,0.09,SL,PE,PE,41,0,5.1,4.9,NA,NA,NA,NA,NA,NA,NA,NA,NA,NA,NA,NA,NA,NA,NA,NA,
2,2/28/2021,9,2,2.3,38,32,23,0.1,0.39,0.47,CO,CO,PE,NA,NA,NA,NA,,,,,,,,,,,,,,,,,
2,2/28/2021,9,3,3.5,19,18,15,0.31,0.76,0.48,GV,PE,PE,NA,NA,NA,NA,,,,,,,,,,,,,,,,,
2,2/28/2021,10,1,5.4,14,32,60,0.01,0.12,0.04,SD,GV,PE,78,11,0,0,NA,NA,NA,NA,NA,NA,NA,NA,NA,NA,NA,NA,NA,NA,NA,NA,
2,2/28/2021,10,2,3.3,30,60,48,0,0.11,0.08,PE,CO,BO,NA,NA,NA,NA,,,,,,,,,,,,,,,,,
2,2/28/2021,10,3,5.2,30,68,66,0.05,0.09,0,PE,CO,BO,NA,NA,NA,NA,,,,,,,,,,,,,,,,,
2,2/28/2021,11,1,2.9,18,46,42,0,0.07,0.19,PE,PE,GV,68,0,4.4,3.6,2.8,50,65,85,NA,NA,NA,NA,NA,NA,NA,NA,NA,NA,NA,NA,
2,2/28/2021,11,2,3.1,30,47,36,0,0.34,0.14,PE,CO,GV,NA,NA,NA,NA,,,,,,,,,,,,,,,,,
2,2/28/2021,11,3,4.3,10,19,18,0.2,0.32,0.47,CO,CO,BO,NA,NA,NA,NA,,,,,,,,,,,,,,,,,
2,2/28/2021,12,1,4.4,23,27,28,0.09,0.11,0,PE,GV,SD,87,10,0,0,1.8,40,40,15,2.1,40,80,30,NA,NA,NA,NA,NA,NA,NA,NA,
2,2/28/2021,12,2,4.6,62,46,24,0.05,0.14,0.04,SD,GV,GV,NA,NA,NA,NA,,,,,,,,,,,,,,,,,
2,2/28/2021,12,3,4.3,83,58,26,0.02,0.07,0.02,SD,SD,SD,NA,NA,NA,NA,,,,,,,,,,,,,,,,,
2,2/28/2021,13,1,4.6,57,60,38,0.05,0.07,0,SD,CO,SD,66,8,2,0,2.4,24,45,50,NA,NA,NA,NA,NA,NA,NA,NA,NA,NA,NA,NA,
2,2/28/2021,13,2,3.8,38,49,60,0.07,0.12,0.01,BO,BO,BR,NA,NA,NA,NA,,,,,,,,,,,,,,,,,
2,2/28/2021,13,3,3.7,20,32,47,0.13,0.11,0.14,SD,CO,BR,NA,NA,NA,NA,,,,,,,,,,,,,,,,,
2,2/28/2021,14,1,3.1,13,17,25,0.14,0.37,0.34,PE,CO,SL,30,0,7,5,NA,NA,NA,NA,NA,NA,NA,NA,NA,NA,NA,NA,NA,NA,NA,NA,
2,2/28/2021,14,2,2.7,16,18,22,0.08,0.36,0.22,CO,CO,PE,NA,NA,NA,NA,,,,,,,,,,,,,,,,,
2,2/28/2021,14,3,2.9,25,29,10,0,0.47,0.14,CO,CO,PE,NA,NA,NA,NA,,,,,,,,,,,,,,,,,
2,2/28/2021,15,1,3.3,15,16,14,0.22,0.34,0.24,CO,CO,CO,35,0,10,0,NA,NA,NA,NA,NA,NA,NA,NA,NA,NA,NA,NA,NA,NA,NA,NA,
2,2/28/2021,15,2,2.8,22,24,14,0.38,0.18,0.25,BO,CO,PE,NA,NA,NA,NA,,,,,,,,,,,,,,,,,
2,2/28/2021,15,3,2.5,22,28,22,0.22,0.26,0.1,CO,CO,CO,NA,NA,NA,NA,,,,,,,,,,,,,,,,,
2,2/28/2021,16,1,2.5,25,22,26,0.58,0.1,0.14,CO,CO,CO,26,0,0,10,3.1,40,60,40,NA,NA,NA,NA,NA,NA,NA,NA,NA,NA,NA,NA,
2,2/28/2021,16,2,2.9,13,15,24,0.4,0.25,0.3,CO,BO,BR,NA,NA,NA,NA,,,,,,,,,,,,,,,,,
2,2/28/2021,16,3,3.9,10,26,10,0.09,0.4,0.29,SD,BR,CO,NA,NA,NA,NA,,,,,,,,,,,,,,,,,
2,2/28/2021,17,1,4.1,16,26,28,0.29,0.11,0.12,BR,BR,BR,34,0,9,0,NA,NA,NA,NA,NA,NA,NA,NA,NA,NA,NA,NA,NA,NA,NA,NA,
2,2/28/2021,17,2,3.3,16,22,28,0.14,0.18,0.12,BR,BR,BO,NA,NA,NA,NA,,,,,,,,,,,,,,,,,
2,2/28/2021,17,3,4.3,20,25,23,0.19,0.05,0.03,BR,BR,BO,NA,NA,NA,NA,,,,,,,,,,,,,,,,,
2,2/28/2021,18,1,3.5,16,18,16,0.24,0.23,0,BR,BR,SD,20,0,0,10,NA,NA,NA,NA,NA,NA,NA,NA,NA,NA,NA,NA,NA,NA,NA,NA,
2,2/28/2021,18,2,2.1,18,19,18,0.72,0.45,0.06,BR,BR,PE,NA,NA,NA,NA,,,,,,,,,,,,,,,,,
2,2/28/2021,18,3,2,16,16,7,0.43,0.71,0.27,BR,CO,PE,NA,NA,NA,NA,,,,,,,,,,,,,,,,,
2,3/7/2021,19,1,4.2,10,16,16,0,0.04,0.05,PE,PE,CO,48,10,0,0,1.4,30,35,25,NA,NA,NA,NA,NA,NA,NA,NA,NA,NA,NA,NA,
2,3/7/2021,19,2,4.1,12,25,23,0.02,0.03,0.09,SD,PE,PE,NA,NA,NA,NA,,,,,,,,,,,,,,,,,
2,3/7/2021,19,3,4.3,18,34,32,0,0.03,0.02,SD,PE,PE,NA,NA,NA,NA,,,,,,,,,,,,,,,,,
2,3/7/2021,20,1,4,32,54,48,0.01,0.05,0,SD,CO,CO,55,7.5,0,2.5,2.4,60,55,30,NA,NA,NA,NA,NA,NA,NA,NA,NA,NA,NA,NA,
2,3/7/2021,20,2,3.1,28,50,42,0.01,0.12,0.04,SD,CO,CO,NA,NA,NA,NA,,,,,,,,,,,,,,,,,
2,3/7/2021,20,3,2.7,25,33,35,0.01,0.08,0.12,PE,BO,BO,NA,NA,NA,NA,,,,,,,,,,,,,,,,,
2,3/7/2021,21,1,2.2,13,18,17,0.24,0.17,0.23,PE,PE,CO,26,7,3,0,NA,NA,NA,NA,NA,NA,NA,NA,NA,NA,NA,NA,NA,NA,NA,NA,
2,3/7/2021,21,2,3,14,24,17,0.13,0.16,0.04,PE,CO,PE,NA,NA,NA,NA,,,,,,,,,,,,,,,,,
2,3/7/2021,21,3,3.7,19,24,15,0.05,0.07,0.06,SD,SD,PE,NA,NA,NA,NA,,,,,,,,,,,,,,,,,
2,3/7/2021,22,1,4.2,35,20,11,0.01,0.07,0.09,PE,PE,SD,42,10,0,0,1.4,20,30,25,NA,NA,NA,NA,NA,NA,NA,NA,NA,NA,NA,NA,
2,3/7/2021,22,2,3.1,22,30,15,0.03,0.07,0.03,PE,PE,SD,NA,NA,NA,NA,,,,,,,,,,,,,,,,,
2,3/7/2021,22,3,3.1,21,22,18,0.05,0.1,0.12,PE,BR,SD,NA,NA,NA,NA,,,,,,,,,,,,,,,,,
2,3/7/2021,23,1,3.8,16,20,22,0.01,0.06,0.06,PE,BR,SD,51,10,0,0,0.9,20,20,15,NA,NA,NA,NA,NA,NA,NA,NA,NA,NA,NA,NA,
2,3/7/2021,23,2,2.7,21,20,42,0,0.01,0.04,BR,BR,SD,NA,NA,NA,NA,,,,,,,,,,,,,,,,,
2,3/7/2021,23,3,4.6,14,17,18,0.05,0.07,0.07,SD,PE,SD,NA,NA,NA,NA,,,,,,,,,,,,,,,,,
2,3/7/2021,24,1,3.8,18,17,16,0.05,0.09,0.05,SD,SD,PE,45,9,0,0,NA,NA,NA,NA,NA,NA,NA,NA,NA,NA,NA,NA,NA,NA,NA,NA,
2,3/7/2021,24,2,4.1,20,30,33,0.07,0.07,0,SD,GV,PE,NA,NA,NA,NA,,,,,,,,,,,,,,,,,
2,3/7/2021,24,3,3.2,17,16,15,0,0.21,0.7,SD,PE,PE,NA,NA,NA,NA,,,,,,,,,,,,,,,,,
2,3/7/2021,25,1,3.2,10,9,12,0.17,0.1,0.14,PE,GV,PE,35,0,6,5,1.4,30,70,35,NA,NA,NA,NA,NA,NA,NA,NA,NA,NA,NA,NA,
2,3/7/2021,25,2,3,17,12,7,0.17,0.25,0.22,PE,GV,PE,NA,NA,NA,NA,,,,,,,,,,,,,,,,,
2,3/7/2021,25,3,2.5,25,27,14,0.09,0.08,0.08,CO,CO,PE,NA,NA,NA,NA,,,,,,,,,,,,,,,,,
2,3/7/2021,26,1,2.8,27,20,12,0.08,0.1,0.1,CO,PE,GV,31,0,8,2,NA,NA,NA,NA,NA,NA,NA,NA,NA,NA,NA,NA,NA,NA,NA,NA,
2,3/7/2021,26,2,3.1,26,15,9,0.11,0.13,0.06,CO,PE,GV,NA,NA,NA,NA,,,,,,,,,,,,,,,,,
2,3/7/2021,26,3,3.6,10,13,8,0.25,0.23,0.34,SD,PE,GV,NA,NA,NA,NA,,,,,,,,,,,,,,,,,
2,3/7/2021,27,1,2.2,10,13,10,0.1,0.23,0.05,PE,PE,GV,16,0,0,10,NA,NA,NA,NA,NA,NA,NA,NA,NA,NA,NA,NA,NA,NA,NA,NA,
2,3/7/2021,27,2,2,7,8,8,0.22,0.32,0.14,PE,PE,PE,NA,NA,NA,NA,,,,,,,,,,,,,,,,,
2,3/7/2021,27,3,2.6,6,12,11,0.14,0.08,0.21,PE,PE,GV,NA,NA,NA,NA,,,,,,,,,,,,,,,,,
2,3/7/2021,28,1,4.5,9,7,12,0.05,0.1,0.06,PE,CO,GV,21,0,10,0,NA,NA,NA,NA,NA,NA,NA,NA,NA,NA,NA,NA,NA,NA,NA,NA,
2,3/7/2021,28,2,4.6,10,9,11,0.05,0.05,0.07,CO,CO,PE,NA,NA,NA,NA,,,,,,,,,,,,,,,,,
2,3/7/2021,28,3,4.4,15,14,17,0.06,0.05,0.06,CO,CO,PE,NA,NA,NA,NA,,,,,,,,,,,,,,,,,
2,3/7/2021,29,1,3.5,11,15,21,0.02,0.08,0.07,PE,CO,PE,32,0,10,0,NA,NA,NA,NA,NA,NA,NA,NA,NA,NA,NA,NA,NA,NA,NA,NA,
2,3/7/2021,29,2,2.9,13,17,18,0.06,0.06,0.01,PE,CO,BR,NA,NA,NA,NA,,,,,,,,,,,,,,,,,
2,3/7/2021,29,3,3.1,20,24,21,0.03,0.05,0,PE,BR,PE,NA,NA,NA,NA,,,,,,,,,,,,,,,,,
2,3/7/2021,30,1,2.9,17,15,23,0,0.06,0.27,PE,PE,BR,41,0,10,0,2.3,30,45,30,NA,NA,NA,NA,NA,NA,NA,NA,NA,NA,NA,NA,
2,3/7/2021,30,2,2.1,18,22,25,0.07,0.07,0.18,BR,BR,CO,NA,NA,NA,NA,,,,,,,,,,,,,,,,,
2,3/7/2021,30,3,1.6,25,31,25,0.08,0.01,0.12,CO,BR,BR,NA,NA,NA,NA,,,,,,,,,,,,,,,,,
2,3/7/2021,31,1,3.3,26,28,34,0,0.08,0.02,BR,BR,BR,36,10,0,0,NA,NA,NA,NA,NA,NA,NA,NA,NA,NA,NA,NA,NA,NA,NA,NA,undercut bank embedded
2,3/7/2021,31,2,2.1,23,18,11,0.14,0.23,0.14,GV,GV,GV,NA,NA,NA,NA,,,,,,,,,,,,,,,,,
2,3/7/2021,31,3,2.9,20,28,22,0.05,0.06,0.05,GV,CO,GV,NA,NA,NA,NA,,,,,,,,,,,,,,,,,
2,3/7/2021,32,1,4.3,44,55,31,0,0,0.12,SD,BR,PE,55,9,0,0,2.5,30,30,65,NA,NA,NA,NA,NA,NA,NA,NA,NA,NA,NA,NA,
2,3/7/2021,32,2,3,16,26,20,0.07,0.17,0,BR,BR,SD,NA,NA,NA,NA,,,,,,,,,,,,,,,,,
2,3/7/2021,32,3,2.7,33,28,19,0,0.11,0.14,CO,CO,PE,NA,NA,NA,NA,,,,,,,,,,,,,,,,,
2,3/7/2021,33,1,2.5,15,14,15,0.76,0.15,0.49,CO,CO,CO,17,0,2.3,7.7,NA,NA,NA,NA,NA,NA,NA,NA,NA,NA,NA,NA,NA,NA,NA,NA,
2,3/7/2021,33,2,2,12,13,12,0.11,0.51,0.41,CO,CO,PE,NA,NA,NA,NA,,,,,,,,,,,,,,,,,
2,3/7/2021,33,3,2.3,12,12,9,0.31,0.19,0.2,CO,PE,PE,NA,NA,NA,NA,,,,,,,,,,,,,,,,,
2,3/7/2021,34,1,4.8,25,17,31,0.01,0.05,0.03,PE,PE,GV,53,10,0,0,NA,NA,NA,NA,NA,NA,NA,NA,NA,NA,NA,NA,NA,NA,NA,NA,
2,3/7/2021,34,2,4.2,25,40,53,0,0,0,SD,BR,BR,NA,NA,NA,NA,,,,,,,,,,,,,,,,,
2,3/7/2021,34,3,4.5,21,11,9,0.15,0.09,0.13,CO,PE,PE,NA,NA,NA,NA,,,,,,,,,,,,,,,,,
2,3/7/2021,35,1,4.4,35,80,55,0,0.01,0,SD,PE,PE,99,10,0,0,3.1,20,15,20,1.6,70,70,60,1.8,60,80,10,2.2,70,50,30,undercut in section34 is located at section35 UCB3 is hanging roots
2,3/7/2021,35,2,4.4,40,82,61,0,0,0,SD,GV,BR,NA,NA,NA,NA,,,,,,,,,,,,,,,,,
2,3/7/2021,35,3,4.3,25,62,80,0,0,0,SD,SD,SL,NA,NA,NA,NA,,,,,,,,,,,,,,,,,
2,3/7/2021,36,1,3.4,11,8,8,0.16,0.27,0.16,PE,GV,SD,45,8,2,0,2.6,30,10,40,NA,NA,NA,NA,NA,NA,NA,NA,NA,NA,NA,NA,
2,3/7/2021,36,2,3.3,32,35,22,0.03,0.08,0.09,SD,PE,SD,NA,NA,NA,NA,,,,,,,,,,,,,,,,,
2,3/7/2021,36,3,3.1,39,41,27,0,0.05,0.13,CO,BR,SD,NA,NA,NA,NA,,,,,,,,,,,,,,,,,
2,3/7/2021,37,1,3.6,37,59,30,0,0.07,0.14,CO,SD,SD,59,9,0,0,NA,NA,NA,NA,NA,NA,NA,NA,NA,NA,NA,NA,NA,NA,NA,NA,
2,3/7/2021,37,2,4.2,25,18,12,0.01,0.04,0.11,BO,BR,BR,NA,NA,NA,NA,,,,,,,,,,,,,,,,,
2,3/7/2021,37,3,3.9,44,50,26,0,0.08,0.03,CO,CO,CO,NA,NA,NA,NA,,,,,,,,,,,,,,,,,
2,3/7/2021,38,1,2.4,10,13,10,0.34,0.51,0.98,BO,CO,CO,25,0,0,10,NA,NA,NA,NA,NA,NA,NA,NA,NA,NA,NA,NA,NA,NA,NA,NA,
2,3/7/2021,38,2,3.1,11,16,10,0.2,0.24,0.19,CO,PE,CO,NA,NA,NA,NA,,,,,,,,,,,,,,,,,
2,3/7/2021,38,3,3.5,25,20,10,0.12,0.14,0.21,SD,PE,PE,NA,NA,NA,NA,,,,,,,,,,,,,,,,,
2,3/7/2021,39,1,3,24,20,17,0.01,0.14,0.06,CO,SD,SD,39,10,0,0,1.4,60,50,30,NA,NA,NA,NA,NA,NA,NA,NA,NA,NA,NA,NA,
2,3/7/2021,39,2,4,33,26,15,0,0.03,0.09,BR,PE,SD,NA,NA,NA,NA,,,,,,,,,,,,,,,,,
2,3/7/2021,39,3,4,30,31,22,0,0.02,0.14,BR,GV,SD,NA,NA,NA,NA,,,,,,,,,,,,,,,,,
2,3/7/2021,40,1,3.3,8,12,10,0.14,0.28,0.28,BR,PE,PE,18,0,0,10,NA,NA,NA,NA,NA,NA,NA,NA,NA,NA,NA,NA,NA,NA,NA,NA,
2,3/7/2021,40,2,2.7,11,17,10,0.11,0.23,2.15,BR,PE,PE,NA,NA,NA,NA,,,,,,,,,,,,,,,,,weired velocity is correct
2,3/7/2021,40,3,5.3,8,9,7,0.08,0.39,0.19,BR,BR,BR,NA,NA,NA,NA,,,,,,,,,,,,,,,,,
2,3/7/2021,41,1,4.4,12,17,14,0.1,0.07,0.07,BR,BR,PE,25,6,4,0,NA,NA,NA,NA,NA,NA,NA,NA,NA,NA,NA,NA,NA,NA,NA,NA,
2,3/7/2021,41,2,4.5,13,16,15,0.02,0.11,0.13,BR,BR,CO,NA,NA,NA,NA,,,,,,,,,,,,,,,,,
2,3/7/2021,41,3,4.7,22,20,21,0.05,0.04,0.05,BR,BR,CO,NA,NA,NA,NA,,,,,,,,,,,,,,,,,
2,3/7/2021,42,1,4.5,32,40,40,0,0.08,0,BR,BR,CO,50,10,0,0,2.8,30,70,50,NA,NA,NA,NA,NA,NA,NA,NA,NA,NA,NA,NA,
2,3/7/2021,42,2,3.6,45,28,29,0,0.08,0.01,CO,CO,BR,NA,NA,NA,NA,,,,,,,,,,,,,,,,,
2,3/7/2021,42,3,3.8,26,18,20,0.13,0.05,0.06,PE,PE,CO,NA,NA,NA,NA,,,,,,,,,,,,,,,,,
2,3/7/2021,43,1,2.9,21,37,30,0.06,0.13,0.15,PE,PE,CO,37,0,7,4,NA,NA,NA,NA,NA,NA,NA,NA,NA,NA,NA,NA,NA,NA,NA,NA,
2,3/7/2021,43,2,2.7,18,23,11,0.12,0.15,0.15,GV,BR,PE,NA,NA,NA,NA,,,,,,,,,,,,,,,,,
2,3/7/2021,43,3,4.1,8,10,11,0.29,0.18,0.19,PE,CO,BO,NA,NA,NA,NA,,,,,,,,,,,,,,,,,
3,5/22/2021,1,1,2.9,17,17,16,0.1,0.4,0.04,PE,PE,CO,42,4,5,0,NA,NA,NA,NA,NA,NA,NA,NA,NA,NA,NA,NA,NA,NA,NA,NA,
3,5/22/2021,1,2,2.8,23,15,13,0.05,0.04,0.02,PE,PE,PE,NA,NA,NA,NA,,,,,,,,,,,,,,,,,
3,5/22/2021,1,3,3.6,14,13,7,0.07,0.08,0.06,PE,GV,GV,NA,NA,NA,NA,,,,,,,,,,,,,,,,,
3,5/22/2021,2,1,4.3,22,30,10,0,0.06,0.07,CO,SD,SD,70,7.5,0,1.5,2.8,50,55,50,NA,NA,NA,NA,NA,NA,NA,NA,NA,NA,NA,NA,
3,5/22/2021,2,2,3.1,66,65,37,0.01,0,0.12,CO,SD,SD,NA,NA,NA,NA,,,,,,,,,,,,,,,,,
3,5/22/2021,2,3,2.3,52,52,34,0,0,0.17,BO,SD,PE,NA,NA,NA,NA,,,,,,,,,,,,,,,,,
3,5/22/2021,3,1,3.7,25,17,14,0.02,0.16,0.08,PE,PE,PE,25,0,3,7,NA,NA,NA,NA,NA,NA,NA,NA,NA,NA,NA,NA,NA,NA,NA,NA,
3,5/22/2021,3,2,2.9,10,10,7,0.22,0.14,0.1,PE,PE,PE,NA,NA,NA,NA,,,,,,,,,,,,,,,,,
3,5/22/2021,3,3,4.5,10,9,7,0.24,0.12,0.15,PE,CO,PE,NA,NA,NA,NA,,,,,,,,,,,,,,,,,
3,5/22/2021,4,1,3.1,19,35,36,0.02,0.05,0,PE,PE,SD,60,10,0,0,2.5,47,70,20,NA,NA,NA,NA,NA,NA,NA,NA,NA,NA,NA,NA,
3,5/22/2021,4,2,4.7,30,44,45,0.02,0.05,0,SD,PE,GV,NA,NA,NA,NA,,,,,,,,,,,,,,,,,
3,5/22/2021,4,3,3,54,43,32,0,0.04,0.02,SD,CO,PE,NA,NA,NA,NA,,,,,,,,,,,,,,,,,
3,5/22/2021,5,1,4.1,29,29,30,0.02,0.04,0,BR,BR,SD,61,10,0,0,3.2,30,50,20,NA,NA,NA,NA,NA,NA,NA,NA,NA,NA,NA,NA,UCB1 is hanging roots
3,5/22/2021,5,2,3,25,40,34,0,0.04,0.02,SD,PE,PE,NA,NA,NA,NA,,,,,,,,,,,,,,,,,
3,5/22/2021,5,3,3.2,30,40,24,0,0,0.02,SD,BR,BR,NA,NA,NA,NA,,,,,,,,,,,,,,,,,
3,5/22/2021,6,1,4.7,50,40,37,0,0,0.02,SD,GV,SD,75,10,0,0,3,50,30,30,NA,NA,NA,NA,NA,NA,NA,NA,NA,NA,NA,NA,
3,5/22/2021,6,2,4.4,50,68,44,0.02,0,0.05,SD,SD,SD,NA,NA,NA,NA,,,,,,,,,,,,,,,,,
3,5/22/2021,6,3,3.5,60,63,42,0,0,0,SD,PE,GV,NA,NA,NA,NA,,,,,,,,,,,,,,,,,
3,5/22/2021,7,1,1.3,13,8,5,0.35,0.35,0.3,PE,PE,PE,17,0,6.5,3.5,NA,NA,NA,NA,NA,NA,NA,NA,NA,NA,NA,NA,NA,NA,NA,NA,
3,5/22/2021,7,2,2.1,17,13,17,0.09,0.12,0.13,PE,PE,PE,NA,NA,NA,NA,,,,,,,,,,,,,,,,,
3,5/22/2021,7,3,2.6,7,8,13,0.12,0.09,0.12,CO,PE,PE,NA,NA,NA,NA,,,,,,,,,,,,,,,,,
3,5/22/2021,8,1,2.7,32,26,17,0.07,0.05,0.01,PE,PE,SD,43,0,8,0,NA,NA,NA,NA,NA,NA,NA,NA,NA,NA,NA,NA,NA,NA,NA,NA,
3,5/22/2021,8,2,2.4,13,18,13,0.09,0.08,0.05,SL,SL,SD,NA,NA,NA,NA,,,,,,,,,,,,,,,,,
3,5/22/2021,8,3,1.8,30,24,20,0.06,0.06,0.04,SL,SD,GV,NA,NA,NA,NA,,,,,,,,,,,,,,,,,
3,5/22/2021,9,1,2.2,23,25,13,0.09,0.06,0.09,SL,SD,GV,37,0,6,4,NA,NA,NA,NA,NA,NA,NA,NA,NA,NA,NA,NA,NA,NA,NA,NA,
3,5/22/2021,9,2,2.3,21,34,17,0.08,0.05,0.12,CO,SD,PE,NA,NA,NA,NA,,,,,,,,,,,,,,,,,
3,5/22/2021,9,3,2,6,9,8,0.09,0.36,0.38,PE,PE,PE,NA,NA,NA,NA,,,,,,,,,,,,,,,,,
3,5/22/2021,10,1,5.3,13,26,52,0.09,0.02,0,GV,GV,SD,74,11,0,0,NA,NA,NA,NA,NA,NA,NA,NA,NA,NA,NA,NA,NA,NA,NA,NA,
3,5/22/2021,10,2,3.4,25,55,40,0.01,0.03,0.02,PE,CO,BO,NA,NA,NA,NA,,,,,,,,,,,,,,,,,
3,5/22/2021,10,3,4.9,48,70,50,0,0,0,PE,BO,BO,NA,NA,NA,NA,,,,,,,,,,,,,,,,,
3,5/22/2021,11,1,2.4,32,42,38,0,0.01,0.06,GV,BR,PE,47,0,5,3,2.6,40,30,40,NA,NA,NA,NA,NA,NA,NA,NA,NA,NA,NA,NA,
3,5/22/2021,11,2,2.2,17,35,28,0,0.16,0.01,PE,PE,SD,NA,NA,NA,NA,,,,,,,,,,,,,,,,,
3,5/22/2021,11,3,4,17,12,10,0,0.11,0.29,CO,CO,CO,NA,NA,NA,NA,,,,,,,,,,,,,,,,,
3,5/22/2021,12,1,4.6,22,22,26,0,0.05,0,PE,PE,SD,78,10,0,0,1.8,30,40,30,1.9,50,50,30,NA,NA,NA,NA,NA,NA,NA,NA,
3,5/22/2021,12,2,4.1,57,40,25,0,0,0,SD,GV,GV,NA,NA,NA,NA,,,,,,,,,,,,,,,,,
3,5/22/2021,12,3,3.9,76,60,35,0,0.02,0.02,SL,PE,SD,NA,NA,NA,NA,,,,,,,,,,,,,,,,,
3,5/22/2021,13,1,3.5,58,55,40,0,0.02,0,SD,SL,SD,58,7.5,2.5,0,1.7,30,50,50,NA,NA,NA,NA,NA,NA,NA,NA,NA,NA,NA,NA,
3,5/22/2021,13,2,3.5,25,45,24,0,0.05,0.01,SD,BR,BR,NA,NA,NA,NA,,,,,,,,,,,,,,,,,
3,5/22/2021,13,3,2.9,21,30,33,0.05,0.07,0.05,SD,BO,BR,NA,NA,NA,NA,,,,,,,,,,,,,,,,,Deepest spot may be misentered
3,5/22/2021,14,1,2.8,18,27,20,0.02,0.06,0.09,PE,PE,SL,33,0,6,6,NA,NA,NA,NA,NA,NA,NA,NA,NA,NA,NA,NA,NA,NA,NA,NA,
3,5/22/2021,14,2,2.3,11,11,10,0.1,0.18,0.17,CO,PE,GV,NA,NA,NA,NA,,,,,,,,,,,,,,,,,
3,5/22/2021,14,3,2.5,19,19,14,0.09,0.06,0.15,CO,CO,CO,NA,NA,NA,NA,,,,,,,,,,,,,,,,,
3,5/22/2021,15,1,2.8,10,13,7,0.2,0.04,0.08,CO,CO,CO,26,0,10,0,1.7,20,30,20,NA,NA,NA,NA,NA,NA,NA,NA,NA,NA,NA,NA,
3,5/22/2021,15,2,2.5,17,20,10,0.2,0.1,0.02,BR,CO,BR,NA,NA,NA,NA,,,,,,,,,,,,,,,,,
3,5/22/2021,15,3,2.3,24,22,20,0.09,0.09,0.04,CO,CO,CO,NA,NA,NA,NA,,,,,,,,,,,,,,,,,
3,5/22/2021,16,1,2.3,10,11,13,0.09,0.18,0.13,CO,CO,BR,17,0,3,7,2.1,30,30,20,NA,NA,NA,NA,NA,NA,NA,NA,NA,NA,NA,NA,
3,5/22/2021,16,2,2.6,11,11,17,0.28,0.14,0.09,PE,CO,BR,NA,NA,NA,NA,,,,,,,,,,,,,,,,,
3,5/22/2021,16,3,3.7,8,13,12,0.08,0.19,0.11,SD,BR,CO,NA,NA,NA,NA,,,,,,,,,,,,,,,,,
3,5/22/2021,17,1,3.9,12,23,24,0.07,0.02,0.06,CO,BR,BR,30,0,9,0,NA,NA,NA,NA,NA,NA,NA,NA,NA,NA,NA,NA,NA,NA,NA,NA,
3,5/22/2021,17,2,3.1,10,10,13,0.09,0.18,0.02,BR,BR,CO,NA,NA,NA,NA,,,,,,,,,,,,,,,,,
3,5/22/2021,17,3,4.1,21,21,7,0.12,0.06,0.02,BR,BR,BR,NA,NA,NA,NA,,,,,,,,,,,,,,,,,
3,5/22/2021,18,1,2.6,8,13,8,0.1,0.17,0.1,BR,BR,GV,18,0,0,10,NA,NA,NA,NA,NA,NA,NA,NA,NA,NA,NA,NA,NA,NA,NA,NA,
3,5/22/2021,18,2,1.6,10,12,11,0.34,0.15,0.03,BR,BR,PE,NA,NA,NA,NA,,,,,,,,,,,,,,,,,
3,5/22/2021,18,3,1.7,8,7,4,0.68,0.33,0.31,BR,PE,BR,NA,NA,NA,NA,,,,,,,,,,,,,,,,,
3,5/22/2021,19,1,3.7,10,13,14,0,0.05,0.04,SD,PE,PE,39,10,0,0,2.1,20,40,50,NA,NA,NA,NA,NA,NA,NA,NA,NA,NA,NA,NA,
3,5/22/2021,19,2,3.6,18,25,17,0.03,0.06,0.02,SD,PE,PE,NA,NA,NA,NA,,,,,,,,,,,,,,,,,
3,5/22/2021,19,3,4.3,27,41,30,0.02,0.06,0,SD,PE,CO,NA,NA,NA,NA,,,,,,,,,,,,,,,,,
3,5/22/2021,20,1,3.5,32,55,39,0,0.02,0,SD,PE,CO,59,7.7,0,2.3,2.3,40,40,30,2.2,30,40,40,NA,NA,NA,NA,NA,NA,NA,NA,
3,5/22/2021,20,2,3,30,44,38,0,0.03,0.05,SD,CO,CO,NA,NA,NA,NA,,,,,,,,,,,,,,,,,
3,5/22/2021,20,3,2.7,20,37,36,0,0.02,0.09,PE,CO,CO,NA,NA,NA,NA,,,,,,,,,,,,,,,,,
3,5/22/2021,21,1,2,11,11,10,0.11,0.15,0.16,PE,CO,CO,22,6.5,3.5,0,NA,NA,NA,NA,NA,NA,NA,NA,NA,NA,NA,NA,NA,NA,NA,NA,
3,5/22/2021,21,2,3,14,20,15,0.03,0.07,0.04,PE,CO,CO,NA,NA,NA,NA,,,,,,,,,,,,,,,,,
3,5/22/2021,21,3,3.5,14,20,13,0.04,0.05,0.07,PE,CO,CO,NA,NA,NA,NA,,,,,,,,,,,,,,,,,
3,5/22/2021,22,1,3.2,27,14,10,0,0.04,0.06,GV,PE,GV,38,10,0,0,1.7,20,45,40,NA,NA,NA,NA,NA,NA,NA,NA,NA,NA,NA,NA,
3,5/22/2021,22,2,3,28,17,17,0.04,0.03,0.05,GV,PE,SD,NA,NA,NA,NA,,,,,,,,,,,,,,,,,
3,5/22/2021,22,3,2.7,17,18,16,0.03,0.06,0.07,CO,BR,PE,NA,NA,NA,NA,,,,,,,,,,,,,,,,,
3,5/23/2021,23,1,3.8,19,17,17,0,0.06,0.04,PE,BR,SD,50,10,0,0,NA,NA,NA,NA,NA,NA,NA,NA,NA,NA,NA,NA,NA,NA,NA,NA,
3,5/23/2021,23,2,3.6,15,20,42,0,0.06,0.04,BR,BR,BR,NA,NA,NA,NA,,,,,,,,,,,,,,,,,
3,5/23/2021,23,3,4.7,13,22,21,0.07,0.07,0.01,BR,BR,SD,NA,NA,NA,NA,,,,,,,,,,,,,,,,,
3,5/23/2021,24,1,3.9,11,10,13,0,0.08,0.03,SL,SD,PE,41,9,0,0,NA,NA,NA,NA,NA,NA,NA,NA,NA,NA,NA,NA,NA,NA,NA,NA,
3,5/23/2021,24,2,3.2,12,22,30,0,0.08,0,SL,SD,CO,NA,NA,NA,NA,,,,,,,,,,,,,,,,,
3,5/23/2021,24,3,3.5,11,12,15,0.05,0,0,SD,SD,PE,NA,NA,NA,NA,,,,,,,,,,,,,,,,,
3,5/23/2021,25,1,2.7,8,12,5,0.12,0.15,0.19,PE,PE,PE,30,0,6,5,2.2,20,40,50,NA,NA,NA,NA,NA,NA,NA,NA,NA,NA,NA,NA,
3,5/23/2021,25,2,3,15,17,6,0.09,0.1,0.05,CO,CO,PE,NA,NA,NA,NA,,,,,,,,,,,,,,,,,
3,5/23/2021,25,3,2.4,24,22,14,0.05,0.06,0.04,CO,GV,GV,NA,NA,NA,NA,,,,,,,,,,,,,,,,,
3,5/23/2021,26,1,2.5,21,18,13,0.07,0.09,0.08,CO,CO,PE,31,0,7,3,NA,NA,NA,NA,NA,NA,NA,NA,NA,NA,NA,NA,NA,NA,NA,NA,
3,5/23/2021,26,2,2.7,29,14,13,0.06,0.05,0,GV,CO,GV,NA,NA,NA,NA,,,,,,,,,,,,,,,,,
3,5/23/2021,26,3,3.7,10,12,5,0.09,0.05,0.12,SD,PE,PE,NA,NA,NA,NA,,,,,,,,,,,,,,,,,
3,5/23/2021,27,1,2.2,8,10,9,0.1,0.17,0.12,PE,PE,PE,10,0,10,0,NA,NA,NA,NA,NA,NA,NA,NA,NA,NA,NA,NA,NA,NA,NA,NA,
3,5/23/2021,27,2,2.1,6,6,7,0.07,0.48,0.46,CO,PE,PE,NA,NA,NA,NA,,,,,,,,,,,,,,,,,
3,5/23/2021,27,3,2.6,7,5,7,0.1,0.06,0.18,PE,PE,PE,NA,NA,NA,NA,,,,,,,,,,,,,,,,,
3,5/23/2021,28,1,3.8,8,7,10,0,0.04,0.05,CO,CO,PE,20,0,10,0,NA,NA,NA,NA,NA,NA,NA,NA,NA,NA,NA,NA,NA,NA,NA,NA,
3,5/23/2021,28,2,4.5,9,10,7,0.01,0.05,0.07,PE,CO,PE,NA,NA,NA,NA,,,,,,,,,,,,,,,,,
3,5/23/2021,28,3,4,17,16,20,0.01,0.04,0.07,PE,CO,PE,NA,NA,NA,NA,,,,,,,,,,,,,,,,,
3,5/23/2021,29,1,3.5,11,15,15,0.04,0.02,0.03,PE,PE,CO,29,0,10,0,NA,NA,NA,NA,NA,NA,NA,NA,NA,NA,NA,NA,NA,NA,NA,NA,
3,5/23/2021,29,2,3,11,17,16,0.09,0.12,0.05,PE,CO,BR,NA,NA,NA,NA,,,,,,,,,,,,,,,,,
3,5/23/2021,29,3,3.4,14,22,22,0.09,0.07,0.04,SD,CO,CO,NA,NA,NA,NA,,,,,,,,,,,,,,,,,
3,5/23/2021,30,1,2.8,14,17,12,0.2,0.03,0.17,CO,PE,BR,34,0,10,0,1.8,20,30,30,NA,NA,NA,NA,NA,NA,NA,NA,NA,NA,NA,NA,
3,5/23/2021,30,2,2.4,15,14,17,0.07,0.04,0.04,BR,BR,BR,NA,NA,NA,NA,,,,,,,,,,,,,,,,,
3,5/23/2021,30,3,1.4,23,27,24,0.09,0.06,0.04,PE,BR,BR,NA,NA,NA,NA,,,,,,,,,,,,,,,,,
3,5/23/2021,31,1,3.1,18,25,24,0.12,0.01,0,CO,BR,BR,40,8,2,0,2.2,20,40,30,NA,NA,NA,NA,NA,NA,NA,NA,NA,NA,NA,NA,
3,5/23/2021,31,2,2.2,20,18,10,0.05,0.07,0.06,PE,PE,GV,NA,NA,NA,NA,,,,,,,,,,,,,,,,,
3,5/23/2021,31,3,2.8,24,26,28,0,0.03,0.07,CO,PE,GV,NA,NA,NA,NA,,,,,,,,,,,,,,,,,
3,5/23/2021,32,1,3.7,32,43,32,0,0.01,0.06,SD,BR,PE,44,9,0,0,2.5,20,30,40,NA,NA,NA,NA,NA,NA,NA,NA,NA,NA,NA,NA,
3,5/23/2021,32,2,3.5,22,40,34,0,0.05,0.02,SL,BR,BR,NA,NA,NA,NA,,,,,,,,,,,,,,,,,
3,5/23/2021,32,3,3.2,23,32,12,0,0.02,0.07,BR,BR,CO,NA,NA,NA,NA,,,,,,,,,,,,,,,,,
3,5/23/2021,33,1,2.2,11,12,8,0.25,0.24,0.26,CO,CO,CO,18,0,3,7,NA,NA,NA,NA,NA,NA,NA,NA,NA,NA,NA,NA,NA,NA,NA,NA,
3,5/23/2021,33,2,2.1,12,8,5,0.24,0.1,0.14,PE,CO,PE,NA,NA,NA,NA,,,,,,,,,,,,,,,,,
3,5/23/2021,33,3,2.1,18,16,10,0.08,0.12,0.08,PE,PE,PE,NA,NA,NA,NA,,,,,,,,,,,,,,,,,
3,5/23/2021,34,1,4.9,26,13,20,0.04,0.02,0,GV,SD,SD,50,10,0,0,NA,NA,NA,NA,NA,NA,NA,NA,NA,NA,NA,NA,NA,NA,NA,NA,
3,5/23/2021,34,2,4.7,14,28,27,0.01,0.02,0.02,SD,SD,PE,NA,NA,NA,NA,,,,,,,,,,,,,,,,,
3,5/23/2021,34,3,4.6,22,23,24,0,0,0.01,SD,SD,BR,NA,NA,NA,NA,,,,,,,,,,,,,,,,,
3,5/23/2021,35,1,4.3,44,78,30,0,0,0.02,SD,SD,SL,92,10,0,0,2.4,40,50,30,1.8,70,70,50,2.7,70,60,30,NA,NA,NA,NA,UCB2 is hanging roots
3,5/23/2021,35,2,4.6,30,72,68,0,0.01,0,SD,SD,SL,NA,NA,NA,NA,,,,,,,,,,,,,,,,,
3,5/23/2021,35,3,4.3,14,25,48,0,0.02,0,SD,SD,SD,NA,NA,NA,NA,,,,,,,,,,,,,,,,,
3,5/23/2021,36,1,3.2,13,17,10,0.06,0.08,0.08,PE,CO,PE,42,7,3,0,1.9,20,20,30,NA,NA,NA,NA,NA,NA,NA,NA,NA,NA,NA,NA,
3,5/23/2021,36,2,3.1,12,27,19,0,0.04,0.02,SD,SD,PE,NA,NA,NA,NA,,,,,,,,,,,,,,,,,
3,5/23/2021,36,3,2.9,20,31,24,0,0.01,0.05,SD,SD,SD,NA,NA,NA,NA,,,,,,,,,,,,,,,,,
3,5/23/2021,37,1,3.5,34,43,25,0,0.07,0,BR,SD,SD,51,9,0,0,NA,NA,NA,NA,NA,NA,NA,NA,NA,NA,NA,NA,NA,NA,NA,NA,
3,5/23/2021,37,2,3.2,28,30,24,0.04,0.07,0.12,BR,CO,SD,NA,NA,NA,NA,,,,,,,,,,,,,,,,,
3,5/23/2021,37,3,3.6,40,50,22,0,0.07,0.14,CO,CO,CO,NA,NA,NA,NA,,,,,,,,,,,,,,,,,
3,5/23/2021,38,1,2.3,7,8,8,0.14,0.29,0.45,CO,CO,CO,17,0,10,0,NA,NA,NA,NA,NA,NA,NA,NA,NA,NA,NA,NA,NA,NA,NA,NA,
3,5/23/2021,38,2,2.2,12,17,10,0.03,0.13,0.19,CO,PE,CO,NA,NA,NA,NA,,,,,,,,,,,,,,,,,
3,5/23/2021,38,3,3.2,13,15,10,0.04,0.07,0.06,SD,SD,PE,NA,NA,NA,NA,,,,,,,,,,,,,,,,,
3,5/23/2021,39,1,2.9,19,14,13,0.04,0.12,0.03,SD,SD,SD,35,0,10,0,1,20,40,20,NA,NA,NA,NA,NA,NA,NA,NA,NA,NA,NA,NA,
3,5/23/2021,39,2,4.1,30,23,10,0,0.04,0.13,SD,GV,SD,NA,NA,NA,NA,,,,,,,,,,,,,,,,,
3,5/23/2021,39,3,4.2,25,28,16,0,0.02,0.21,SL,PE,SD,NA,NA,NA,NA,,,,,,,,,,,,,,,,,
3,5/23/2021,40,1,2.7,4,10,8,0.08,0.17,0.11,BR,CO,PE,15,0,2,8,NA,NA,NA,NA,NA,NA,NA,NA,NA,NA,NA,NA,NA,NA,NA,NA,
3,5/23/2021,40,2,2.8,11,15,12,0.01,0.18,0.1,BR,BR,PE,NA,NA,NA,NA,,,,,,,,,,,,,,,,,
3,5/23/2021,40,3,5,8,7,6,0.26,0.38,0.29,BR,BR,BR,NA,NA,NA,NA,,,,,,,,,,,,,,,,,
3,5/23/2021,41,1,4,13,16,18,0.04,0.04,0.09,BR,BR,CO,25,7,3,0,NA,NA,NA,NA,NA,NA,NA,NA,NA,NA,NA,NA,NA,NA,NA,NA,
3,5/23/2021,41,2,4.2,7,19,13,0.03,0.04,0.06,BR,BR,CO,NA,NA,NA,NA,,,,,,,,,,,,,,,,,
3,5/23/2021,41,3,4.3,22,24,22,0.02,0.04,0.02,BR,BR,SD,NA,NA,NA,NA,,,,,,,,,,,,,,,,,
3,5/23/2021,42,1,4.3,25,35,34,0,0,0.02,BR,BR,CO,47,10,0,0,2.5,60,50,40,NA,NA,NA,NA,NA,NA,NA,NA,NA,NA,NA,NA,
3,5/23/2021,42,2,3.6,27,30,28,0,0.02,0.01,BO,BR,CO,NA,NA,NA,NA,,,,,,,,,,,,,,,,,
3,5/23/2021,42,3,3.5,20,17,12,0.04,0.03,0.01,PE,PE,CO,NA,NA,NA,NA,,,,,,,,,,,,,,,,,
3,5/23/2021,43,1,2.3,22,30,29,0.04,0.08,0.02,SD,PE,BR,30,0,8,3,NA,NA,NA,NA,NA,NA,NA,NA,NA,NA,NA,NA,NA,NA,NA,NA,
3,5/23/2021,43,2,2,14,7,14,0.04,0.05,0.2,PE,BR,BR,NA,NA,NA,NA,,,,,,,,,,,,,,,,,
3,5/23/2021,43,3,4.4,12,10,8,0.14,0.21,0.15,CO,CO,PE,NA,NA,NA,NA,,,,,,,,,,,,,,,,,
4,8/21/2021,1,1,2.9,12,17,16,0.09,0.07,0.04,CO,PE,SD,45,9,0,0,NA,NA,NA,NA,NA,NA,NA,NA,NA,NA,NA,NA,NA,NA,NA,NA,
4,8/21/2021,1,2,3.2,20,13,10,0.05,0.07,0.05,PE,PE,PE,NA,NA,NA,NA,,,,,,,,,,,,,,,,,
4,8/21/2021,1,3,3.4,16,15,15,0.05,0.03,0.05,CO,PE,SD,NA,NA,NA,NA,,,,,,,,,,,,,,,,,
4,8/21/2021,2,1,4.3,20,22,17,0.01,0.08,0.02,CO,PE,SD,70,7.8,0,1.2,3.2,60,60,50,NA,NA,NA,NA,NA,NA,NA,NA,NA,NA,NA,NA,
4,8/21/2021,2,2,3.4,65,66,47,0,0.01,0.06,BO,SD,CO,NA,NA,NA,NA,,,,,,,,,,,,,,,,,
4,8/21/2021,2,3,2.3,50,40,32,0.01,0.01,0.28,CO,SD,SD,NA,NA,NA,NA,,,,,,,,,,,,,,,,,
4,8/21/2021,3,1,3.5,23,17,14,0.01,0.09,0.05,SD,PE,PE,28,0,6.8,3.2,NA,NA,NA,NA,NA,NA,NA,NA,NA,NA,NA,NA,NA,NA,NA,NA,
4,8/21/2021,3,2,2.9,12,10,10,0.19,0.18,0.13,CO,CO,PE,NA,NA,NA,NA,,,,,,,,,,,,,,,,,
4,8/21/2021,3,3,5,14,7,6,0.12,0.06,0.06,CO,CO,PE,NA,NA,NA,NA,,,,,,,,,,,,,,,,,
4,8/21/2021,4,1,3.2,30,35,43,0.01,0.03,0.05,CO,BO,SD,65,10,0,0,2.3,40,60,20,NA,NA,NA,NA,NA,NA,NA,NA,NA,NA,NA,NA,
4,8/21/2021,4,2,4.4,43,55,35,0.06,0.01,0.01,SD,PE,SD,NA,NA,NA,NA,,,,,,,,,,,,,,,,,
4,8/21/2021,4,3,3.5,59,59,45,0.05,0.01,0.01,CO,CO,PE,NA,NA,NA,NA,,,,,,,,,,,,,,,,,
4,8/21/2021,5,1,4.3,37,27,17,0.02,0.03,0.01,BR,CO,CO,62,10,0,0,NA,NA,NA,NA,NA,NA,NA,NA,NA,NA,NA,NA,NA,NA,NA,NA,log removed
4,8/21/2021,5,2,3.5,10,15,30,0.02,0.01,0.03,SD,SD,PE,NA,NA,NA,NA,,,,,,,,,,,,,,,,,
4,8/21/2021,5,3,3,32,41,25,0.01,0.03,0.02,SD,BR,SD,NA,NA,NA,NA,,,,,,,,,,,,,,,,,
4,8/21/2021,6,1,4.9,41,69,42,0.01,0.02,0.01,PE,PE,SD,80,10,0,0,3.1,50,50,30,NA,NA,NA,NA,NA,NA,NA,NA,NA,NA,NA,NA,
4,8/21/2021,6,2,4.2,60,75,42,0.01,0.03,0.01,SL,SL,PE,NA,NA,NA,NA,,,,,,,,,,,,,,,,,
4,8/21/2021,6,3,3.5,64,66,45,0.01,0.01,0.03,SL,SL,SD,NA,NA,NA,NA,,,,,,,,,,,,,,,,,
4,8/21/2021,7,1,1.2,19,12,12,0.08,0.14,0.12,PE,PE,PE,20,0,6,4,NA,NA,NA,NA,NA,NA,NA,NA,NA,NA,NA,NA,NA,NA,NA,NA,
4,8/21/2021,7,2,2.1,19,15,9,0.11,0.12,0.07,CO,CO,PE,NA,NA,NA,NA,,,,,,,,,,,,,,,,,
4,8/21/2021,7,3,2.5,17,15,14,0.11,0.11,0.12,PE,SD,SD,NA,NA,NA,NA,,,,,,,,,,,,,,,,,
4,8/21/2021,8,1,2.5,37,20,15,0.04,0.06,0.03,SD,SD,SD,35,0,8,0,NA,NA,NA,NA,NA,NA,NA,NA,NA,NA,NA,NA,NA,NA,NA,NA,
4,8/21/2021,8,2,2.4,14,22,17,0.09,0.06,0.02,SL,SL,SD,NA,NA,NA,NA,,,,,,,,,,,,,,,,,
4,8/21/2021,8,3,2.8,28,27,15,0.06,0.05,0.02,SL,GV,SD,NA,NA,NA,NA,,,,,,,,,,,,,,,,,
4,8/21/2021,9,1,2.1,23,28,21,0.07,0.05,0.09,SL,SD,SD,28,0,6,4,NA,NA,NA,NA,NA,NA,NA,NA,NA,NA,NA,NA,NA,NA,NA,NA,
4,8/21/2021,9,2,2.3,17,20,23,0.02,0.04,0.23,SL,SL,GV,NA,NA,NA,NA,,,,,,,,,,,,,,,,,
4,8/21/2021,9,3,1.8,8,7,8,0.19,0.04,0.38,PE,CO,PE,NA,NA,NA,NA,,,,,,,,,,,,,,,,,
4,8/21/2021,10,1,5.1,30,59,73,0.06,0.04,0.04,PE,PE,SL,80,11,0,0,NA,NA,NA,NA,NA,NA,NA,NA,NA,NA,NA,NA,NA,NA,NA,NA,
4,8/21/2021,10,2,3.5,20,60,43,0.02,0.03,0.01,PE,PE,BO,NA,NA,NA,NA,,,,,,,,,,,,,,,,,
4,8/21/2021,10,3,5,45,75,50,0.01,0.02,0.01,PE,BO,BO,NA,NA,NA,NA,,,,,,,,,,,,,,,,,
4,8/21/2021,11,1,2.2,26,47,55,0.02,0.01,0.01,PE,PE,PE,55,2,3,3,2.8,20,50,40,NA,NA,NA,NA,NA,NA,NA,NA,NA,NA,NA,NA,
4,8/21/2021,11,2,2.1,14,22,23,0.01,0.03,0,PE,CO,SD,NA,NA,NA,NA,,,,,,,,,,,,,,,,,
4,8/21/2021,11,3,4.1,10,10,7,0.01,0.08,0,PE,CO,BO,NA,NA,NA,NA,,,,,,,,,,,,,,,,,
4,8/21/2021,12,1,4.8,20,25,22,0.02,0.06,0.02,PE,PE,SD,78,10,0,0,2.1,20,10,10,2.2,50,70,60,NA,NA,NA,NA,NA,NA,NA,NA,
4,8/21/2021,12,2,4.1,57,45,20,0.02,0.02,0.08,PE,PE,SD ,NA,NA,NA,NA,,,,,,,,,,,,,,,,,
4,8/21/2021,12,3,4,75,55,54,0.01,0.02,0.01,CO,SD,SD,NA,NA,NA,NA,,,,,,,,,,,,,,,,,
4,8/21/2021,13,1,4.4,55,51,50,0.01,0.03,0.01,SD,SD,SD,60,9,1,0,1.5,20,40,20,NA,NA,NA,NA,NA,NA,NA,NA,NA,NA,NA,NA,
4,8/21/2021,13,2,4.1,34,65,44,0.06,0.01,0.03,CO,SD,SD,NA,NA,NA,NA,,,,,,,,,,,,,,,,,
4,8/21/2021,13,3,3,20,30,33,0.03,0.02,0.02,SD,CO,CO,NA,NA,NA,NA,,,,,,,,,,,,,,,,,
4,8/21/2021,14,1,3.1,17,22,27,0.04,0.03,0.01,SD,SD,SL,35,0,5,7,NA,NA,NA,NA,NA,NA,NA,NA,NA,NA,NA,NA,NA,NA,NA,NA,
4,8/21/2021,14,2,2.2,10,14,12,0.07,0.12,0.09,PE,GV,SD,NA,NA,NA,NA,,,,,,,,,,,,,,,,,
4,8/21/2021,14,3,2.5,20,17,15,0.01,0.06,0.12,PE,CO,CO,NA,NA,NA,NA,,,,,,,,,,,,,,,,,
4,8/21/2021,15,1,2.6,10,12,10,0.03,0.1,0.17,CO,BO,CO,25,0,10,0,NA,NA,NA,NA,NA,NA,NA,NA,NA,NA,NA,NA,NA,NA,NA,NA,UCB removed
4,8/21/2021,15,2,2.5,15,20,14,0.06,0.03,0.06,CO,BR,CO,NA,NA,NA,NA,,,,,,,,,,,,,,,,,
4,8/21/2021,15,3,2.3,25,24,22,0.07,0.01,0.04,CO,CO,CO,NA,NA,NA,NA,,,,,,,,,,,,,,,,,
4,8/21/2021,16,1,2.4,10,7,10,0.05,0.01,0.06,CO,BO,BR,18,0,6,4,2.5,30,40,40,NA,NA,NA,NA,NA,NA,NA,NA,NA,NA,NA,NA,
4,8/21/2021,16,2,3,10,7,15,0.14,0.7,0.01,CO,CO,CO,NA,NA,NA,NA,,,,,,,,,,,,,,,,,
4,8/21/2021,16,3,3.7,9,17,9,0.03,0.01,0.02,SD,BR,CO,NA,NA,NA,NA,,,,,,,,,,,,,,,,,
4,8/21/2021,17,1,3.8,17,12,12,0.02,0.04,0.06,BR,BR,BR,25,0,9,0,NA,NA,NA,NA,NA,NA,NA,NA,NA,NA,NA,NA,NA,NA,NA,NA,
4,8/21/2021,17,2,3.2,10,18,18,0.01,0.07,0.03,BR,BR,PE,NA,NA,NA,NA,,,,,,,,,,,,,,,,,
4,8/21/2021,17,3,4.2,21,19,13,0.07,0.04,0.02,BR,SD,CO,NA,NA,NA,NA,,,,,,,,,,,,,,,,,
4,8/21/2021,18,1,2.3,9,11,7,0.01,0.08,0.04,BR,BR,PE,15,0,2,8,NA,NA,NA,NA,NA,NA,NA,NA,NA,NA,NA,NA,NA,NA,NA,NA,
4,8/21/2021,18,2,1.6,10,10,14,0.25,0.16,0.1,BR,BR,PE,NA,NA,NA,NA,,,,,,,,,,,,,,,,,
4,8/21/2021,18,3,1.2,7,9,8,0.33,0.11,0,BR,CO,PE,NA,NA,NA,NA,,,,,,,,,,,,,,,,,
4,8/21/2021,19,1,3.1,7,9,15,0.04,0.06,0.04,SD,CO,PE,40,10,0,0,2.1,10,20,20,NA,NA,NA,NA,NA,NA,NA,NA,NA,NA,NA,NA,
4,8/21/2021,19,2,3.2,25,25,17,0.02,0.06,0.02,SD,PE,PE,NA,NA,NA,NA,,,,,,,,,,,,,,,,,
4,8/21/2021,19,3,3.1,34,42,27,0.03,0.03,0.01,PE,CO,PE,NA,NA,NA,NA,,,,,,,,,,,,,,,,,
4,8/21/2021,20,1,3.3,38,50,32,0.03,0.03,0.03,PE,CO,CO,60,0,8,2,2,20,60,20,NA,NA,NA,NA,NA,NA,NA,NA,NA,NA,NA,NA,
4,8/21/2021,20,2,2.7,30,46,32,0,0.03,0.02,GV,CO,CO,NA,NA,NA,NA,,,,,,,,,,,,,,,,,
4,8/21/2021,20,3,2.5,22,30,35,0.02,0.01,0.1,GV,CO,CO,NA,NA,NA,NA,,,,,,,,,,,,,,,,,
4,8/21/2021,21,1,2,9,14,10,0.12,0.16,0.14,CO,CO,CO,27,7,3,0,NA,NA,NA,NA,NA,NA,NA,NA,NA,NA,NA,NA,NA,NA,NA,NA,
4,8/21/2021,21,2,2.9,19,27,10,0.01,0.05,0.02,PE,CO,PE,NA,NA,NA,NA,,,,,,,,,,,,,,,,,
4,8/21/2021,21,3,3.9,17,18,12,0.01,0.01,0.02,PE,SD,SD,NA,NA,NA,NA,,,,,,,,,,,,,,,,,
4,8/21/2021,22,1,3.3,30,21,20,0.04,0.03,0.05,PE,PE,SD,33,10,0,0,2,20,50,20,NA,NA,NA,NA,NA,NA,NA,NA,NA,NA,NA,NA,
4,8/21/2021,22,2,2.7,20,33,19,0.01,0.04,0.03,SL,PE,SD,NA,NA,NA,NA,,,,,,,,,,,,,,,,,
4,8/21/2021,22,3,2.9,24,30,12,0.03,0.02,0.05,CO,BR,SD,NA,NA,NA,NA,,,,,,,,,,,,,,,,,
4,8/21/2021,23,1,3.6,12,19,20,0.01,0.03,0.05,SL,SL,SD,44,10,0,0,0.5,10,20,10,NA,NA,NA,NA,NA,NA,NA,NA,NA,NA,NA,NA,
4,8/21/2021,23,2,3.8,22,7,44,0.03,0.03,0.07,BR,BR,BR,NA,NA,NA,NA,,,,,,,,,,,,,,,,,
4,8/21/2021,23,3,4.4,10,25,20,0.01,0.04,0.13,SD,SD,SD,NA,NA,NA,NA,,,,,,,,,,,,,,,,,
4,8/21/2021,24,1,3.8,15,24,27,0.03,0.06,0.03,SD,PE,PE,48,8,1,0,NA,NA,NA,NA,NA,NA,NA,NA,NA,NA,NA,NA,NA,NA,NA,NA,
4,8/21/2021,24,2,4.2,17,33,40,0.03,0.02,0.02,SD,SD,CO,NA,NA,NA,NA,,,,,,,,,,,,,,,,,
4,8/21/2021,24,3,3.2,9,11,15,0.06,0.21,0.08,SD,CO,PE,NA,NA,NA,NA,,,,,,,,,,,,,,,,,
4,8/21/2021,25,1,2.7,7,5,7,0.11,0.03,0.15,PE,BR,PE,32,0,6,5,1.2,10,30,30,NA,NA,NA,NA,NA,NA,NA,NA,NA,NA,NA,NA,
4,8/21/2021,25,2,2.5,17,18,10,0.01,0.08,0.03,PE,CO,PE,NA,NA,NA,NA,,,,,,,,,,,,,,,,,
4,8/21/2021,25,3,2,28,30,12,0.09,0.04,0.01,CO,SD,SD,NA,NA,NA,NA,,,,,,,,,,,,,,,,,
4,8/21/2021,26,1,2.1,22,18,15,0.08,0.07,0.04,SD,SD,SD,25,0,10,0,NA,NA,NA,NA,NA,NA,NA,NA,NA,NA,NA,NA,NA,NA,NA,NA,
4,8/21/2021,26,2,2.6,20,18,8,0.15,0.14,0.15,SD,SD,SD,NA,NA,NA,NA,,,,,,,,,,,,,,,,,
4,8/21/2021,26,3,2.7,17,15,14,0.17,0.11,0.15,SD,SD,SD,NA,NA,NA,NA,,,,,,,,,,,,,,,,,
4,8/21/2021,27,1,2,13,15,7,0.1,0.04,0.14,PE,CO,PE,27,0,0,10,NA,NA,NA,NA,NA,NA,NA,NA,NA,NA,NA,NA,NA,NA,NA,NA,
4,8/21/2021,27,2,1.7,10,10,7,0.09,0.11,0.06,PE,CO,CO,NA,NA,NA,NA,,,,,,,,,,,,,,,,,
4,8/21/2021,27,3,1.9,4,8,7,0.05,0.07,0.13,CO,CO,CO,NA,NA,NA,NA,,,,,,,,,,,,,,,,,
4,8/21/2021,28,1,2,6,10,12,0.03,0.06,0.05,CO,CO,SL,28,6,4,0,NA,NA,NA,NA,NA,NA,NA,NA,NA,NA,NA,NA,NA,NA,NA,NA,
4,8/21/2021,28,2,4.6,4,10,10,0.07,0.05,0.06,PE,PE,CO,NA,NA,NA,NA,,,,,,,,,,,,,,,,,
4,8/21/2021,28,3,3.8,25,17,15,0.02,0.04,0.07,PE,PE,BR,NA,NA,NA,NA,,,,,,,,,,,,,,,,,
4,8/21/2021,29,1,3.4,9,14,12,0.05,0.02,0.07,PE,CO,PE,27,0,10,0,NA,NA,NA,NA,NA,NA,NA,NA,NA,NA,NA,NA,NA,NA,NA,NA,
4,8/21/2021,29,2,2.7,14,20,12,0.05,0.07,0.02,PE,CO,BR,NA,NA,NA,NA,,,,,,,,,,,,,,,,,
4,8/21/2021,29,3,2.5,17,17,22,0.04,0.05,0.04,SD,PE,CO,NA,NA,NA,NA,,,,,,,,,,,,,,,,,
4,8/21/2021,30,1,3.1,10,13,17,0.04,0.04,0.03,CO,BR,BR,38,0,10,0,NA,NA,NA,NA,NA,NA,NA,NA,NA,NA,NA,NA,NA,NA,NA,NA,UCB removed
4,8/21/2021,30,2,2.2,15,17,27,0.02,0.1,0.07,BR,BR,SD,NA,NA,NA,NA,,,,,,,,,,,,,,,,,
4,8/21/2021,30,3,1.3,22,30,24,0.01,0.08,0.08,BR,BR,SD,NA,NA,NA,NA,,,,,,,,,,,,,,,,,
4,8/21/2021,31,1,3,25,25,30,0.04,0.03,0.03,BR,BR,BR,36,8.5,1.5,0,2.1,20,30,20,NA,NA,NA,NA,NA,NA,NA,NA,NA,NA,NA,NA,
4,8/21/2021,31,2,2.5,17,12,7,0.01,0.05,0.07,GV,PE,PE,NA,NA,NA,NA,,,,,,,,,,,,,,,,,
4,8/21/2021,31,3,2.6,20,32,30,0.01,0.02,0.05,SD,GV,PE,NA,NA,NA,NA,,,,,,,,,,,,,,,,,
4,8/21/2021,32,1,2.9,24,50,27,0.01,0.01,0.09,SD,PE,PE,45,9,0,0,2.3,60,30,40,NA,NA,NA,NA,NA,NA,NA,NA,NA,NA,NA,NA,
4,8/21/2021,32,2,3,18,31,20,0.01,0.03,0.03,BR,BR,PE,NA,NA,NA,NA,,,,,,,,,,,,,,,,,
4,8/21/2021,32,3,2.9,28,28,16,0.04,0.08,0.14,CO,CO,PE,NA,NA,NA,NA,,,,,,,,,,,,,,,,,
4,8/21/2021,33,1,1.9,5,7,3,0.39,0.29,0.25,CO,CO,CO,15,0,4,6,NA,NA,NA,NA,NA,NA,NA,NA,NA,NA,NA,NA,NA,NA,NA,NA,
4,8/21/2021,33,2,1.6,13,10,10,0.13,0.25,0.17,CO,CO,CO,NA,NA,NA,NA,,,,,,,,,,,,,,,,,
4,8/21/2021,33,3,1.6,10,12,5,0.2,0.27,0.21,PE,CO,PE,NA,NA,NA,NA,,,,,,,,,,,,,,,,,
4,8/21/2021,34,1,3.9,14,20,25,0.18,0.01,0.01,SD,PE,PE,42,10,0,0,NA,NA,NA,NA,NA,NA,NA,NA,NA,NA,NA,NA,NA,NA,NA,NA,
4,8/21/2021,34,2,4.9,11,28,42,0.05,0.02,0.04,PE,PE,SD,NA,NA,NA,NA,,,,,,,,,,,,,,,,,
4,8/21/2021,34,3,3.9,22,27,29,0.03,0.05,0.01,SD,BR,BR,NA,NA,NA,NA,,,,,,,,,,,,,,,,,
4,8/21/2021,35,1,4.8,44,65,57,0,0.02,0.02,SD,PE,SD,100,10,0,0,1,40,30,40,2.8,50,70,70,3,60,60,30,NA,NA,NA,NA,UCB2 is hanging root
4,8/21/2021,35,2,4.5,55,99,85,0.03,0.01,0,SD,SD,SL,NA,NA,NA,NA,,,,,,,,,,,,,,,,,
4,8/21/2021,35,3,3.8,30,63,66,0.03,0.01,0.05,SD,SD,SD,NA,NA,NA,NA,,,,,,,,,,,,,,,,,
4,8/21/2021,36,1,2.9,8,17,12,0.07,0.09,0.06,PE,PE,SD,43,10,0,0,NA,NA,NA,NA,NA,NA,NA,NA,NA,NA,NA,NA,NA,NA,NA,NA,
4,8/21/2021,36,2,3.5,25,36,20,0.01,0.02,0.02,CO,PE,SD,NA,NA,NA,NA,,,,,,,,,,,,,,,,,
4,8/21/2021,36,3,3.9,25,40,26,0.01,0.04,0.04,SL,BR,PE,NA,NA,NA,NA,,,,,,,,,,,,,,,,,
4,8/21/2021,37,1,3.1,27,60,33,0.01,0.03,0.01,BR,SD,SD,60,9,0,0,NA,NA,NA,NA,NA,NA,NA,NA,NA,NA,NA,NA,NA,NA,NA,NA,
4,8/21/2021,37,2,3.4,28,35,20,0,0.02,0.12,CO,CO,PE,NA,NA,NA,NA,,,,,,,,,,,,,,,,,
4,8/21/2021,37,3,3.4,44,49,34,0.01,0.01,0.09,CO,CO ,SD,NA,NA,NA,NA,,,,,,,,,,,,,,,,,
4,8/21/2021,38,1,2.1,6,10,9,0.06,0.08,0.01,CO,CO,CO,20,0,7,3,NA,NA,NA,NA,NA,NA,NA,NA,NA,NA,NA,NA,NA,NA,NA,NA,
4,8/21/2021,38,2,2.3,10,18,7,0.05,0.11,0.09,CO,CO,CO,NA,NA,NA,NA,,,,,,,,,,,,,,,,,
4,8/21/2021,38,3,3,17,17,13,0.02,0.07,0.3,SD,SD,CO,NA,NA,NA,NA,,,,,,,,,,,,,,,,,
4,8/21/2021,39,1,3.1,13,15,10,0.11,0.04,0.06,CO,SD,SD,25,3,7,0,NA,NA,NA,NA,NA,NA,NA,NA,NA,NA,NA,NA,NA,NA,NA,NA,UCB removed
4,8/21/2021,39,2,3.4,18,19,15,0.01,0.07,0.02,CO,SD,SD,NA,NA,NA,NA,,,,,,,,,,,,,,,,,
4,8/21/2021,39,3,4.3,23,24,21,0.02,0.05,0.05,PE,SD,SD,NA,NA,NA,NA,,,,,,,,,,,,,,,,,
4,8/21/2021,40,1,2.2,8,8,7,0.07,0.16,0.19,CO,CO,CO,17,0,0,10,NA,NA,NA,NA,NA,NA,NA,NA,NA,NA,NA,NA,NA,NA,NA,NA,
4,8/21/2021,40,2,2.5,10,15,14,0.03,0.22,0.04,BR,BR,BR,NA,NA,NA,NA,,,,,,,,,,,,,,,,,
4,8/21/2021,40,3,5,8,6,5,0.03,0.3,0.02,BR,BR,BR,NA,NA,NA,NA,,,,,,,,,,,,,,,,,
4,8/21/2021,41,1,4.7,7,8,10,0.02,0.03,0.01,BR,BR,SD,22,8,2,0,NA,NA,NA,NA,NA,NA,NA,NA,NA,NA,NA,NA,NA,NA,NA,NA,
4,8/21/2021,41,2,4.7,7,12,14,0.05,0.02,0.05,BR,BR,SD,NA,NA,NA,NA,,,,,,,,,,,,,,,,,
4,8/21/2021,41,3,4.5,22,15,18,0.01,0.01,0.01,BR,BR,PE,NA,NA,NA,NA,,,,,,,,,,,,,,,,,
4,8/21/2021,42,1,3.6,20,49,30,0.05,0.03,0.01,SD,CO,CO,55,10,0,0,2.7,30,50,50,NA,NA,NA,NA,NA,NA,NA,NA,NA,NA,NA,NA,
4,8/21/2021,42,2,3.5,32,20,38,0,0.02,0.14,PE ,BR,BR,NA,NA,NA,NA,,,,,,,,,,,,,,,,,
4,8/21/2021,42,3,3.8,17,12,17,0.09,0.04,0.02,SD,CO,CO,NA,NA,NA,NA,,,,,,,,,,,,,,,,,
4,8/21/2021,43,1,2.5,20,25,19,0.07,0.08,0.03,CO,BO,CO,25,0,8,3,NA,NA,NA,NA,NA,NA,NA,NA,NA,NA,NA,NA,NA,NA,NA,NA,Deepest depth corrected'
4,8/21/2021,43,2,2.2,20,20,15,0.09,0.08,0,PE,CO,BR,NA,NA,NA,NA,,,,,,,,,,,,,,,,,
4,8/21/2021,43,3,4.8,10,7,7,0.04,0.06,0.33,PE,PE,BO,NA,NA,NA,NA,,,,,,,,,,,,,,,,,
5,11/12/2021,1,1,3,23,20,20,0.03,0.05,0.02,CO,CO,SD,45,9,0,0,NA,NA,NA,NA,NA,NA,NA,NA,NA,NA,NA,NA,NA,NA,NA,NA,
5,11/12/2021,1,2,2.9,20,20,15,0.02,0.08,0.06,PE,SD,PE,NA,NA,NA,NA,,,,,,,,,,,,,,,,,
5,11/12/2021,1,3,3.6,18,16,15,0.01,0.04,0.01,PE,PE,SD,NA,NA,NA,NA,,,,,,,,,,,,,,,,,
5,11/12/2021,2,1,4.5,25,28,25,0.01,0.04,0.06,CO,PE,SD,72,7.8,1.2,0,3.3,60,50,50,NA,NA,NA,NA,NA,NA,NA,NA,NA,NA,NA,NA,
5,11/12/2021,2,2,3.3,68,69,45,0,0,0,PE,CO,SD,NA,NA,NA,NA,,,,,,,,,,,,,,,,,
5,11/12/2021,2,3,2,54,50,30,0,0,0.02,CO,PE,PE,NA,NA,NA,NA,,,,,,,,,,,,,,,,,
5,11/12/2021,3,1,4,27,23,19,0.01,0.01,0.08,PE,PE,SD,27,4,2.7,3.3,NA,NA,NA,NA,NA,NA,NA,NA,NA,NA,NA,NA,NA,NA,NA,NA,
5,11/12/2021,3,2,3.8,10,15,16,0.01,0.02,0.14,PE,PE,PE,NA,NA,NA,NA,,,,,,,,,,,,,,,,,
5,11/12/2021,3,3,4.4,11,15,11,0.09,0.02,0.02,CO,PE,CO,NA,NA,NA,NA,,,,,,,,,,,,,,,,,
5,11/12/2021,4,1,3.5,28,40,41,0,0.03,0,CO,PE,PE,62,10,0,0,1.6,30,20,50,2.6,60,70,30,NA,NA,NA,NA,NA,NA,NA,NA,UCB2 is hanging roots
5,11/12/2021,4,2,4.2,44,50,48,0.02,0.01,0,CO,PE,SL,NA,NA,NA,NA,,,,,,,,,,,,,,,,,
5,11/12/2021,4,3,3.6,58,55,43,0.01,0.03,0.01,CO,BR,PE,NA,NA,NA,NA,,,,,,,,,,,,,,,,,
5,11/12/2021,5,1,4,30,31,29,0.01,0.01,0,SD,CO,PE,55,10,0,0,NA,NA,NA,NA,NA,NA,NA,NA,NA,NA,NA,NA,NA,NA,NA,NA,
5,11/12/2021,5,2,4.5,21,38,26,0.01,0.02,0.04,SD,SD,PE,NA,NA,NA,NA,,,,,,,,,,,,,,,,,
5,11/12/2021,5,3,3.1,35,37,30,0.03,0.03,0.03,SD,BR,GV,NA,NA,NA,NA,,,,,,,,,,,,,,,,,
5,11/12/2021,6,1,6,42,56,40,0,0.02,0.01,PE,SD,SD,77,10,0,0,2.1,20,50,40,NA,NA,NA,NA,NA,NA,NA,NA,NA,NA,NA,NA,
5,11/12/2021,6,2,4.6,55,75,60,0.01,0.01,0.01,SL,PE,GV,NA,NA,NA,NA,,,,,,,,,,,,,,,,,
5,11/12/2021,6,3,3.5,55,59,43,0,0,0.07,SL,GV,PE,NA,NA,NA,NA,,,,,,,,,,,,,,,,,
5,11/12/2021,7,1,1.2,11,12,12,0.25,0.04,0.46,PE,PE,PE,17,0,4.5,5.5,NA,NA,NA,NA,NA,NA,NA,NA,NA,NA,NA,NA,NA,NA,NA,NA,
5,11/12/2021,7,2,1.4,12,13,10,0.17,0.14,0.08,PE,PE,CO,NA,NA,NA,NA,,,,,,,,,,,,,,,,,
5,11/12/2021,7,3,2.5,15,10,11,0.01,0.16,0.14,CO,PE,SD,NA,NA,NA,NA,,,,,,,,,,,,,,,,,
5,11/12/2021,8,1,1.3,30,26,20,0.05,0.04,0.02,CO,SD,SD,30,2,6,0,NA,NA,NA,NA,NA,NA,NA,NA,NA,NA,NA,NA,NA,NA,NA,NA,
5,11/12/2021,8,2,1.2,15,17,14,0.08,0.05,0.05,SL,SD,SD,NA,NA,NA,NA,,,,,,,,,,,,,,,,,
5,11/12/2021,8,3,2.3,30,26,15,0.05,0.03,0.04,PE,GV,SD,NA,NA,NA,NA,,,,,,,,,,,,,,,,,
5,11/12/2021,9,1,2.4,20,27,20,0.02,0.05,0.01,SL,PE,PE,25,0,6.5,3.5,NA,NA,NA,NA,NA,NA,NA,NA,NA,NA,NA,NA,NA,NA,NA,NA,
5,11/12/2021,9,2,2.1,22,21,14,0,0.02,0.08,SL,CO,PE,NA,NA,NA,NA,,,,,,,,,,,,,,,,,
5,11/12/2021,9,3,1.4,8,8,7,0.02,0.27,0.17,PE,PE,GV,NA,NA,NA,NA,,,,,,,,,,,,,,,,,
5,11/12/2021,10,1,5,62,45,30,0,0.01,0.01,GV,PE,PE,81,11,0,0,NA,NA,NA,NA,NA,NA,NA,NA,NA,NA,NA,NA,NA,NA,NA,NA,
5,11/12/2021,10,2,3.5,42,58,30,0,0,0.02,PE,PE,PE,NA,NA,NA,NA,,,,,,,,,,,,,,,,,
5,11/12/2021,10,3,5.1,48,78,45,0.01,0.01,0,BO,CO,PE,NA,NA,NA,NA,,,,,,,,,,,,,,,,,
5,11/12/2021,11,1,2.5,28,37,22,0,0.01,0.05,SD,PE,PE,50,3,3,2,NA,NA,NA,NA,NA,NA,NA,NA,NA,NA,NA,NA,NA,NA,NA,NA,
5,11/12/2021,11,2,2.1,19,23,14,0,0.01,0.08,PE,CO,PE,NA,NA,NA,NA,,,,,,,,,,,,,,,,,
5,11/12/2021,11,3,4.2,10,14,15,0,0.04,0.04,BO,CO,CO,NA,NA,NA,NA,,,,,,,,,,,,,,,,,
5,11/12/2021,12,1,4.9,28,25,25,0.01,0.02,0,PE,PE,SD,77,10,0,0,1,40,60,40,2.3,60,60,30,NA,NA,NA,NA,NA,NA,NA,NA,
5,11/12/2021,12,2,4,55,48,24,0.02,0.02,0,CO,SD,SD,NA,NA,NA,NA,,,,,,,,,,,,,,,,,
5,11/12/2021,12,3,4.5,75,65,35,0,0.02,0.01,PE,PE,SD,NA,NA,NA,NA,,,,,,,,,,,,,,,,,
5,11/12/2021,13,1,4.1,55,56,40,0.01,0.04,0,SD,PE,SD,62,10,0,0,NA,NA,NA,NA,NA,NA,NA,NA,NA,NA,NA,NA,NA,NA,NA,NA,
5,11/12/2021,13,2,3.3,45,50,45,0.01,0.01,0.01,SD,CO,SL,NA,NA,NA,NA,,,,,,,,,,,,,,,,,
5,11/12/2021,13,3,3.3,35,34,18,0.02,0.03,0.04,BO,CO,SD,NA,NA,NA,NA,,,,,,,,,,,,,,,,,
5,11/12/2021,14,1,3.2,35,15,14,0.01,0.02,0.02,CO,SD,SD,30,5.5,5,1.5,NA,NA,NA,NA,NA,NA,NA,NA,NA,NA,NA,NA,NA,NA,NA,NA,
5,11/12/2021,14,2,3.2,10,11,7,0.03,0.05,0.1,SD,GV,PE,NA,NA,NA,NA,,,,,,,,,,,,,,,,,
5,11/12/2021,14,3,2.6,18,14,15,0,0.14,0.17,PE,CO,CO,NA,NA,NA,NA,,,,,,,,,,,,,,,,,
5,11/12/2021,15,1,2.6,10,12,7,0.17,0.17,0.02,CO,CO,CO,28,0,10,0,NA,NA,NA,NA,NA,NA,NA,NA,NA,NA,NA,NA,NA,NA,NA,NA,
5,11/12/2021,15,2,2.5,17,12,15,0.02,0.04,0.04,CO,BR,CO,NA,NA,NA,NA,,,,,,,,,,,,,,,,,
5,11/12/2021,15,3,2.5,22,20,18,0.02,0.03,0.03,CO,CO,PE,NA,NA,NA,NA,,,,,,,,,,,,,,,,,
5,11/12/2021,16,1,2.4,10,10,17,0.05,0.04,0.04,PE,SD,PE,20,0,6,4,1.9,20,30,20,NA,NA,NA,NA,NA,NA,NA,NA,NA,NA,NA,NA,
5,11/12/2021,16,2,2.7,16,9,12,0,0.01,0.1,PE,CO,PE,NA,NA,NA,NA,,,,,,,,,,,,,,,,,
5,11/12/2021,16,3,3.5,12,14,11,0.04,0.21,0,SD,CO,BR,NA,NA,NA,NA,,,,,,,,,,,,,,,,,
5,11/12/2021,17,1,3.9,15,19,19,0.02,0.01,0.05,SD,BR,BR,22,3,6,0,NA,NA,NA,NA,NA,NA,NA,NA,NA,NA,NA,NA,NA,NA,NA,NA,
5,11/12/2021,17,2,3.4,12,14,19,0.02,0.12,0.02,BR,BR,SD,NA,NA,NA,NA,,,,,,,,,,,,,,,,,
5,11/12/2021,17,3,4.3,21,21,14,0.08,0,0.03,SD,CO,CO,NA,NA,NA,NA,,,,,,,,,,,,,,,,,
5,11/12/2021,18,1,1.7,10,14,9,0.16,0.17,0.05,BR,GV,SD,14,0,4,6,NA,NA,NA,NA,NA,NA,NA,NA,NA,NA,NA,NA,NA,NA,NA,NA,
5,11/12/2021,18,2,1.3,11,13,10,0.23,0.07,0.06,BR,BR,GV,NA,NA,NA,NA,,,,,,,,,,,,,,,,,
5,11/12/2021,18,3,0.9,10,12,7,0.26,0.31,0.12,BR,PE,PE,NA,NA,NA,NA,,,,,,,,,,,,,,,,,
5,11/12/2021,19,1,3.4,12,12,18,0.02,0.04,0.06,SD,PE,SD,45,10,0,0,1.5,30,20,20,NA,NA,NA,NA,NA,NA,NA,NA,NA,NA,NA,NA,
5,11/12/2021,19,2,3.5,15,22,20,0.02,0.03,0.03,SD,SD,PE,NA,NA,NA,NA,,,,,,,,,,,,,,,,,
5,11/12/2021,19,3,3.5,19,42,25,0.02,0.04,0.02,SD,PE,PE,NA,NA,NA,NA,,,,,,,,,,,,,,,,,
5,11/12/2021,20,1,3.6,30,52,45,0.03,0.01,0.01,SD,SD,CO,55,8,0,2,2.5,50,60,30,2.3,20,30,20,NA,NA,NA,NA,NA,NA,NA,NA,
5,11/12/2021,20,2,3.1,32,50,40,0.01,0.02,0,GV,CO,CO,NA,NA,NA,NA,,,,,,,,,,,,,,,,,
5,11/12/2021,20,3,2.7,15,22,33,0,0.01,0.01,CO,CO,CO,NA,NA,NA,NA,,,,,,,,,,,,,,,,,
5,11/12/2021,21,1,2.5,20,23,12,0.04,0.04,0.01,CO,CO,CO,35,10,0,0,NA,NA,NA,NA,NA,NA,NA,NA,NA,NA,NA,NA,NA,NA,NA,NA,
5,11/12/2021,21,2,3.4,20,23,24,0.02,0.02,0.02,SD,CO,CO,NA,NA,NA,NA,,,,,,,,,,,,,,,,,
5,11/12/2021,21,3,4.1,24,32,24,0.02,0.03,0.02,SD,SD,CO,NA,NA,NA,NA,,,,,,,,,,,,,,,,,
5,11/12/2021,22,1,3.8,32,28,19,0.01,0.02,0.01,PE,SD,SD,40,10,0,0,2.2,30,50,40,NA,NA,NA,NA,NA,NA,NA,NA,NA,NA,NA,NA,
5,11/12/2021,22,2,3.5,25,40,26,0.02,0.02,0,PE,PE,SD,NA,NA,NA,NA,,,,,,,,,,,,,,,,,
5,11/12/2021,22,3,3.6,28,19,22,0.02,0.02,0.01,BR,BR,SD,NA,NA,NA,NA,,,,,,,,,,,,,,,,,
5,11/12/2021,23,1,3.9,30,30,18,0.01,0.03,0,PE,BR,SD,51,10,0,0,NA,NA,NA,NA,NA,NA,NA,NA,NA,NA,NA,NA,NA,NA,NA,NA,UCB removed
5,11/12/2021,23,2,3.6,30,29,48,0.03,0.01,0.02,BR,BR,SD,NA,NA,NA,NA,,,,,,,,,,,,,,,,,
5,11/12/2021,23,3,4.6,16,30,29,0,0.01,0.03,PE,BR,PE,NA,NA,NA,NA,,,,,,,,,,,,,,,,,
5,11/12/2021,24,1,3.8,24,30,36,0.01,0.04,0.02,SD,SD,CO,51,9,0,0,NA,NA,NA,NA,NA,NA,NA,NA,NA,NA,NA,NA,NA,NA,NA,NA,
5,11/12/2021,24,2,4.3,30,35,42,0,0.03,0.01,SD,SD,CO,NA,NA,NA,NA,,,,,,,,,,,,,,,,,
5,11/12/2021,24,3,3.6,20,25,22,0,0.06,0.01,SD,SD,PE,NA,NA,NA,NA,,,,,,,,,,,,,,,,,
5,11/12/2021,25,1,3,14,11,12,0.02,0.07,0.02,PE,GV,PE,32,6,5,0,2.2,40,30,40,NA,NA,NA,NA,NA,NA,NA,NA,NA,NA,NA,NA,
5,11/12/2021,25,2,2.9,20,17,11,0.02,0.03,0.05,CO,PE,PE,NA,NA,NA,NA,,,,,,,,,,,,,,,,,
5,11/12/2021,25,3,2.4,28,32,18,0.02,0.04,0.04,BO,SD,SD,NA,NA,NA,NA,,,,,,,,,,,,,,,,,
5,11/12/2021,26,1,2.8,25,18,16,0.04,0.04,0,PE,SD,GV,29,4,6,0,NA,NA,NA,NA,NA,NA,NA,NA,NA,NA,NA,NA,NA,NA,NA,NA,
5,11/12/2021,26,2,2.6,29,20,15,0.07,0.04,0,SD,PE,PE,NA,NA,NA,NA,,,,,,,,,,,,,,,,,
5,11/12/2021,26,3,3,12,9,10,0.05,0.06,0.12,SD,GV,PE,NA,NA,NA,NA,,,,,,,,,,,,,,,,,
5,11/12/2021,27,1,2.3,9,14,17,0.03,0.04,0.03,PE,PE,PE,18,0,4,6,NA,NA,NA,NA,NA,NA,NA,NA,NA,NA,NA,NA,NA,NA,NA,NA,
5,11/12/2021,27,2,1.8,9,10,8,0.04,0.11,0.1,PE,CO,PE,NA,NA,NA,NA,,,,,,,,,,,,,,,,,
5,11/12/2021,27,3,1.4,7,7,7,0.2,0.03,0.16,PE,PE,PE,NA,NA,NA,NA,,,,,,,,,,,,,,,,,
5,11/12/2021,28,1,2.2,8,10,12,0.01,0.03,0,PE,PE,CO,22,6,4,0,NA,NA,NA,NA,NA,NA,NA,NA,NA,NA,NA,NA,NA,NA,NA,NA,
5,11/12/2021,28,2,4.6,13,9,7,0.02,0.02,0.02,PE,PE,GV,NA,NA,NA,NA,,,,,,,,,,,,,,,,,
5,11/12/2021,28,3,4.5,22,22,17,0.01,0,0,PE,PE,PE,NA,NA,NA,NA,,,,,,,,,,,,,,,,,
5,11/12/2021,29,1,3.4,15,20,19,0.08,0.08,0.17,PE,CO,CO,28,10,0,0,NA,NA,NA,NA,NA,NA,NA,NA,NA,NA,NA,NA,NA,NA,NA,NA,
5,11/12/2021,29,2,2.9,18,22,17,0.13,0.14,0.1,CO,CO,BR,NA,NA,NA,NA,,,,,,,,,,,,,,,,,
5,11/12/2021,29,3,3.1,20,25,56,0.13,0.18,0.19,CO,CO,BR,NA,NA,NA,NA,,,,,,,,,,,,,,,,,
5,11/12/2021,30,1,3.1,14,22,15,0.07,0.12,0.11,PE,PE,BR,38,2,8,0,NA,NA,NA,NA,NA,NA,NA,NA,NA,NA,NA,NA,NA,NA,NA,NA,
5,11/12/2021,30,2,2.5,16,24,22,0.11,0.24,0.12,BR,BR,BO,NA,NA,NA,NA,,,,,,,,,,,,,,,,,
5,11/12/2021,30,3,1.2,27,38,28,0.15,0.17,0.09,CO,BR,BR,NA,NA,NA,NA,,,,,,,,,,,,,,,,,
5,11/12/2021,31,1,3,22,15,18,0.11,0.13,0.14,CO,CO,BR,44,10,0,0,1.7,30,20,40,NA,NA,NA,NA,NA,NA,NA,NA,NA,NA,NA,NA,
5,11/12/2021,31,2,2.2,22,16,9,0.1,0.06,0.04,PE,PE,GV,NA,NA,NA,NA,,,,,,,,,,,,,,,,,
5,11/12/2021,31,3,3.1,24,37,27,0.14,0.23,0.14,PE,PE,PE,NA,NA,NA,NA,,,,,,,,,,,,,,,,,
5,11/12/2021,32,1,3.2,40,52,30,0.15,0.22,0.09,BR ,CO,SD,52,9,0,0,1.9,30,40,10,NA,NA,NA,NA,NA,NA,NA,NA,NA,NA,NA,NA,
5,11/12/2021,32,2,3.2,17,44,27,0.11,0.17,0.1,BR,BR,BR,NA,NA,NA,NA,,,,,,,,,,,,,,,,,
5,11/12/2021,32,3,2.5,24,24,17,0.15,0.14,0.11,BR,CO,PE,NA,NA,NA,NA,,,,,,,,,,,,,,,,,
5,11/12/2021,33,1,1.9,14,10,7,0.06,0.03,0.03,CO,CO,PE,15,0,5,5,NA,NA,NA,NA,NA,NA,NA,NA,NA,NA,NA,NA,NA,NA,NA,NA,
5,11/12/2021,33,2,1.5,12,15,13,0.09,0.07,0.04,PE,PE,PE,NA,NA,NA,NA,,,,,,,,,,,,,,,,,
5,11/12/2021,33,3,1.6,12,10,5,0.11,0.08,0.03,PE,PE,CO,NA,NA,NA,NA,,,,,,,,,,,,,,,,,
5,11/12/2021,34,1,4.5,24,13,14,0.2,0.1,0.06,PE,PE,SD,45,10,0,0,NA,NA,NA,NA,NA,NA,NA,NA,NA,NA,NA,NA,NA,NA,NA,NA,
5,11/12/2021,34,2,5.2,13,27,35,0.17,0.14,0.24,SD,SD,PE,NA,NA,NA,NA,,,,,,,,,,,,,,,,,
5,11/12/2021,34,3,4.1,22,28,37,0.15,0.23,0.23,SD,SD,BR,NA,NA,NA,NA,,,,,,,,,,,,,,,,,
5,11/12/2021,35,1,4.7,50,86,58,0.21,0.61,0.65,SD,SL,PE,102,10,0,0,2.7,90,70,90,2.8,20,40,50,1,30,20,20,NA,NA,NA,NA,UCB2 is hanging roots
5,11/12/2021,35,2,4.2,35,50,68,0.07,0.38,0.6,SD,SL,SL,NA,NA,NA,NA,,,,,,,,,,,,,,,,,
5,11/12/2021,35,3,4.2,15,25,27,0.06,0.12,0.17,SD,SD,SD,NA,NA,NA,NA,,,,,,,,,,,,,,,,,
5,11/12/2021,36,1,4,15,17,20,0.12,0.16,0.1,PE,PE,SD,52,10,0,0,NA,NA,NA,NA,NA,NA,NA,NA,NA,NA,NA,NA,NA,NA,NA,NA,
5,11/12/2021,36,2,3.5,30,42,21,0.16,0.2,0.09,PE,PE,SD,NA,NA,NA,NA,,,,,,,,,,,,,,,,,
5,11/12/2021,36,3,3.2,39,52,35,0.24,0.2,0.09,CO,CO,GV,NA,NA,NA,NA,,,,,,,,,,,,,,,,,
5,11/12/2021,37,1,3.2,49,62,49,0.21,0.42,0.18,BR,CO,SD,62,9,0,0,NA,NA,NA,NA,NA,NA,NA,NA,NA,NA,NA,NA,NA,NA,NA,NA,
5,11/12/2021,37,2,3.4,34,37,28,0.07,0.03,0.1,CO,CO,PE,NA,NA,NA,NA,,,,,,,,,,,,,,,,,
5,11/12/2021,37,3,3.5,45,50,33,0.18,0.18,0.12,BR,CO,SD,NA,NA,NA,NA,,,,,,,,,,,,,,,,,
5,11/12/2021,38,1,1.9,12,10,10,0.24,0.12,0.06,CO,CO,CO,21,0,8,2,NA,NA,NA,NA,NA,NA,NA,NA,NA,NA,NA,NA,NA,NA,NA,NA,
5,11/12/2021,38,2,2.1,19,20,15,0.05,0.05,0.04,CO,CO,PE,NA,NA,NA,NA,,,,,,,,,,,,,,,,,
5,11/12/2021,38,3,3.1,20,19,12,0.08,0.11,0.13,SD,CO,CO,NA,NA,NA,NA,,,,,,,,,,,,,,,,,
5,11/12/2021,39,1,3.8,20,20,17,0.12,0.12,0.07,CO,SD,SD,32,10,0,0,NA,NA,NA,NA,NA,NA,NA,NA,NA,NA,NA,NA,NA,NA,NA,NA,
5,11/12/2021,39,2,3.7,26,18,19,0.14,0.1,0.09,BR,SD,PE,NA,NA,NA,NA,,,,,,,,,,,,,,,,,
5,11/12/2021,39,3,4.3,30,28,27,0.11,0.17,0.06,PE,PE,SD,NA,NA,NA,NA,,,,,,,,,,,,,,,,,
5,11/12/2021,40,1,2.7,13,9,7,0.08,0.05,0.05,CO,PE,PE,17,0,4,6,NA,NA,NA,NA,NA,NA,NA,NA,NA,NA,NA,NA,NA,NA,NA,NA,
5,11/12/2021,40,2,2.5,7,12,13,0.05,0.12,0.03,BR,BR,CO,NA,NA,NA,NA,,,,,,,,,,,,,,,,,
5,11/12/2021,40,3,5,7,6,6,0.06,0.05,0.03,BR,BR,BR,NA,NA,NA,NA,,,,,,,,,,,,,,,,,
5,11/12/2021,41,1,5,10,17,12,0.06,0.17,0.09,BR,BR,PE,28,10,0,0,NA,NA,NA,NA,NA,NA,NA,NA,NA,NA,NA,NA,NA,NA,NA,NA,
5,11/12/2021,41,2,4.9,10,15,14,0.06,0.07,0.11,BR,CO,PE,NA,NA,NA,NA,,,,,,,,,,,,,,,,,
5,11/12/2021,41,3,5,26,27,24,0.2,0.16,0.13,BR,BR,CO,NA,NA,NA,NA,,,,,,,,,,,,,,,,,
5,11/12/2021,42,1,4.5,32,44,42,0.22,0.27,0.21,BR,BR,PE,53,10,0,0,2.5,50,50,40,NA,NA,NA,NA,NA,NA,NA,NA,NA,NA,NA,NA,
5,11/12/2021,42,2,3.5,48,39,42,0.32,0.17,0.07,BR,BR,CO,NA,NA,NA,NA,,,,,,,,,,,,,,,,,
5,11/12/2021,42,3,4,30,25,20,0.18,0.17,0.1,PE,CO,CO,NA,NA,NA,NA,,,,,,,,,,,,,,,,,
5,11/12/2021,43,1,2.6,18,30,25,0.05,0.13,0.15,GV,PE,BR,30,0,9.5,2.5,NA,NA,NA,NA,NA,NA,NA,NA,NA,NA,NA,NA,NA,NA,NA,NA,
5,11/12/2021,43,2,2.5,19,24,18,0.1,0.19,0.11,PE,CO,BO,NA,NA,NA,NA,,,,,,,,,,,,,,,,,
5,11/12/2021,43,3,4.9,8,10,7,0.12,0.17,0.11,PE,PE,BR,NA,NA,NA,NA,,,,,,,,,,,,,,,,,
6,2/19/2022,1,1,2.6,12,16,18,0.13,0.1,0.05,BR,CO,BO,42,9,0,0,,,,,,,,,,,,,,,,,
6,2/19/2022,1,2,2.6,17,15,10,0.04,0.09,0.04,SD,SD,SD,NA,NA,NA,NA,,,,,,,,,,,,,,,,,
6,2/19/2022,1,3,4,14,5,4,0.9,0.1,0.08,PE,SD,SD,NA,NA,NA,NA,,,,,,,,,,,,,,,,,
6,2/19/2022,2,1,4.3,19,18,10,0.02,0.09,0.06,BO,SD,SD,71,6.69,0,2.4,3.6,60,50,40,,,,,,,,,,,,,
6,2/19/2022,2,2,3.1,70,44,19,0.02,0.03,0.05,BO,SD,SD,NA,NA,NA,NA,,,,,,,,,,,,,,,,,
6,2/19/2022,2,3,2.3,53,37,17,0.01,0.05,0.47,BO,SD,PE,NA,NA,NA,NA,,,,,,,,,,,,,,,,,
6,2/19/2022,3,1,3.4,13,17,7,0.05,0.1,0.08,BR,BR,PE,26,2.5,4.7,2.8,,,,,,,,,,,,,,,,,
6,2/19/2022,3,2,3.9,4,10,10,0.13,0.23,0.1,PE,PE,PE,NA,NA,NA,NA,,,,,,,,,,,,,,,,,
6,2/19/2022,3,3,4.1,6,11,5,0.24,0.12,0.1,PE,PE,PE,NA,NA,NA,NA,,,,,,,,,,,,,,,,,
6,2/19/2022,4,1,3.7,28,35,31,0.01,0.05,0.02,CO,CO,SD,64,10,0,0,,,,,,,,,,,,,,,,,
6,2/19/2022,4,2,5,44,55,24,0.02,0,0.01,BR,SD,SD,NA,NA,NA,NA,,,,,,,,,,,,,,,,,
6,2/19/2022,4,3,3.5,64,50,43,0.01,0.02,0.01,CO,CO,PE,NA,NA,NA,NA,,,,,,,,,,,,,,,,,
6,2/19/2022,5,1,3.8,27,22,32,0.02,0.05,0,BR,CO,PE,65,10,0,0,2,100,60,,,,,,,,,,,,,,
6,2/19/2022,5,2,4.4,9,18,33,0,0,0.02,SD,SD,PE,NA,NA,NA,NA,,,,,,,,,,,,,,,,,
6,2/19/2022,5,3,3.1,17,45,26,0.01,0.02,0.04,SD,CO,PE,NA,NA,NA,NA,,,,,,,,,,,,,,,,,
6,2/19/2022,6,1,5.4,52,42,20,0,0,0.01,PE,GV,SD,74,10,0,0,2.1,17,15,14,,,,,,,,,,,,,
6,2/19/2022,6,2,4.1,37,61,30,0.01,0,0,SL,GV,PE,NA,NA,NA,NA,,,,,,,,,,,,,,,,,
6,2/19/2022,6,3,3.1,41,48,22,0.04,0.02,0,SL,CO,PE,NA,NA,NA,NA,,,,,,,,,,,,,,,,,
6,2/19/2022,7,1,1.9,30,20,11,0.14,0.36,0.16,PE,PE,PE,19,0,5,5,,,,,,,,,,,,,,,,,
6,2/19/2022,7,2,1.3,7,6,4,0.53,0.61,0.31,PE,CO,PE,NA,NA,NA,NA,,,,,,,,,,,,,,,,,
6,2/19/2022,7,3,2.6,10,12,8,0.06,0.15,0.13,CO,PE,PE,NA,NA,NA,NA,,,,,,,,,,,,,,,,,
6,2/19/2022,8,1,2.3,35,19,8,0.04,0.05,0.01,PE,SD,SD,35,8,0,0,,,,,,,,,,,,,,,,,
6,2/19/2022,8,2,2.4,16,23,12,0.04,0.06,0.05,SL,SL,GV,NA,NA,NA,NA,,,,,,,,,,,,,,,,,
6,2/19/2022,8,3,2.1,25,29,9,0.05,0.07,0,SL,SL,PE,NA,NA,NA,NA,,,,,,,,,,,,,,,,,
6,2/19/2022,9,1,2.3,23,24,10,0.08,0.08,0.09,SL,PE,PE,32,0,3,7,,,,,,,,,,,,,,,,,
6,2/19/2022,9,2,2.3,20,19,10,0.16,0.26,0.03,PE,CO,PE,NA,NA,NA,NA,,,,,,,,,,,,,,,,,
6,2/19/2022,9,3,1.8,8,10,6,0.34,0.41,0.28,PE,CO,PE,NA,NA,NA,NA,,,,,,,,,,,,,,,,,
6,2/19/2022,10,1,4.5,13,32,55,0,0.02,0,SD,CO,SD,73,11,0,0,2.4,50,40,60,,,,,,,,,,,,,
6,2/19/2022,10,2,3.4,24,61,28,0.01,0,0.04,CO,CO,BO,NA,NA,NA,NA,,,,,,,,,,,,,,,,,
6,2/19/2022,10,3,5.2,35,75,52,0.01,0.02,0.01,PE,BR,CO,NA,NA,NA,NA,,,,,,,,,,,,,,,,,
6,2/19/2022,11,1,2.5,15,41,52,0,0.01,0.04,PE,CO,PE,45,2,2.5,3.5,2.9,40,70,30,,,,,,,,,,,,,
6,2/19/2022,11,2,2.3,14,19,28,0.04,0.07,0.05,PE,CO,SD,NA,NA,NA,NA,,,,,,,,,,,,,,,,,
6,2/19/2022,11,3,5.1,7,10,14,0.01,0.02,0.58,CO,CO,CO,NA,NA,NA,NA,,,,,,,,,,,,,,,,,
6,2/19/2022,12,1,4.7,19,16,25,0.01,0.03,0.01,CO,SD,SD,80,10,0,0,2.3,80,35,20,,,,,,,,,,,,,
6,2/19/2022,12,2,4.1,57,50,11,0,0,0,CO,PE,SD,NA,NA,NA,NA,,,,,,,,,,,,,,,,,
6,2/19/2022,12,3,3.8,80,66,30,0.01,0.06,0.01,SL,CO,SD,NA,NA,NA,NA,,,,,,,,,,,,,,,,,
6,2/19/2022,13,1,4.1,66,57,23,0,0.04,0,BR,CO,SD,53,10,0,0,,,,,,,,,,,,,,,,,
6,2/19/2022,13,2,3.9,19,35,23,0.02,0.03,0.02,PE,SD,BR,NA,NA,NA,NA,,,,,,,,,,,,,,,,,
6,2/19/2022,13,3,3.1,10,19,35,0.07,0.05,0.02,SD,CO,BR,NA,NA,NA,NA,,,,,,,,,,,,,,,,,
6,2/19/2022,14,1,3.1,14,30,28,0.07,0.02,0.04,SD,CO,CO,22,0,10.5,1.5,,,,,,,,,,,,,,,,,
6,2/19/2022,14,2,3,8,14,16,0.02,0.11,0.07,PE,PE,CO,NA,NA,NA,NA,,,,,,,,,,,,,,,,,
6,2/19/2022,14,3,2.5,20,17,14,0.05,0.07,0.1,BO,CO,CO,NA,NA,NA,NA,,,,,,,,,,,,,,,,,
6,2/19/2022,15,1,3.2,13,13,11,0.11,0.1,0.11,CO,BO,CO,24,0,10,0,,,,,,,,,,,,,,,,,
6,2/19/2022,15,2,3.1,19,20,17,0.05,0.05,0,CO,BR,SD,NA,NA,NA,NA,,,,,,,,,,,,,,,,,
6,2/19/2022,15,3,2.6,20,23,16,0.04,0.05,0.09,CO,BO,CO,NA,NA,NA,NA,,,,,,,,,,,,,,,,,
6,2/19/2022,16,1,2.6,15,13,21,0.05,0.03,0.14,PE,PE,CO,22,0,5.5,4.5,,,,,,,,,,,,,,,,,
6,2/19/2022,16,2,2.8,7,9,18,0.06,0.47,0.29,PE,CO,CO,NA,NA,NA,NA,,,,,,,,,,,,,,,,,
6,2/19/2022,16,3,4.2,10,13,11,0.04,0.14,0.18,SD,BR,BR,NA,NA,NA,NA,,,,,,,,,,,,,,,,,
6,2/19/2022,17,1,3.6,17,12,20,0.05,0.07,0.03,BR,BR,BR,28,6,3,0,,,,,,,,,,,,,,,,,
6,2/19/2022,17,2,3.7,7,14,24,0.04,0.1,0.05,SD,BR,BR,NA,NA,NA,NA,,,,,,,,,,,,,,,,,
6,2/19/2022,17,3,3.9,14,20,10,0.05,0.02,0.01,BO,BR,BO,NA,NA,NA,NA,,,,,,,,,,,,,,,,,
6,2/19/2022,18,1,2.5,7,14,10,0.08,0.1,0.02,BR,PE,PE,16,0,5,5,,,,,,,,,,,,,,,,,
6,2/19/2022,18,2,1.2,14,15,9,0.21,0.36,0.04,BR,PE,PE,NA,NA,NA,NA,,,,,,,,,,,,,,,,,
6,2/19/2022,18,3,0.9,12,13,5,0.36,0.51,0.27,BR,PE,BR,NA,NA,NA,NA,,,,,,,,,,,,,,,,,
6,2/19/2022,19,1,3,10,9,15,0.01,0.04,0.05,CO,PE,CO,25,10,0,0,1.2,30,15,20,,,,,,,,,,,,,
6,2/19/2022,19,2,3.5,7,11,18,0.01,0.02,0,SD,PE,CO,NA,NA,NA,NA,,,,,,,,,,,,,,,,,
6,2/19/2022,19,3,3.9,10,42,20,0,0.01,0,SD,CO,CO,NA,NA,NA,NA,,,,,,,,,,,,,,,,,
6,2/19/2022,20,1,3.9,19,28,43,0.03,0.05,0.01,SD,BO,BO,58,8,0,2,2.7,40,40,20,,,,,,,,,,,,,
6,2/19/2022,20,2,2.9,21,47,47,0.04,0.02,0,SD,BO,CO,NA,NA,NA,NA,,,,,,,,,,,,,,,,,
6,2/19/2022,20,3,2.6,8,25,35,0,0.1,0.07,SD,BO,BO,NA,NA,NA,NA,,,,,,,,,,,,,,,,,
6,2/19/2022,21,1,1.8,12,13,10,0.09,0.32,0.2,CO,CO,CO,22,10,0,0,,,,,,,,,,,,,,,,,
6,2/19/2022,21,2,2.9,10,21,13,0.02,0.01,0.03,CO,CO,CO,NA,NA,NA,NA,,,,,,,,,,,,,,,,,
6,2/19/2022,21,3,4,10,21,14,0.01,0.03,0.02,PE,CO,CO,NA,NA,NA,NA,,,,,,,,,,,,,,,,,
6,2/19/2022,22,1,3.9,19,17,10,0.04,0.07,0.04,CO,PE,SL,32,10,0,0,2,19,45,50,,,,,,,,,,,,,
6,2/19/2022,22,2,3.1,16,31,14,0.01,0.02,0.07,CO,CO,PE,NA,NA,NA,NA,,,,,,,,,,,,,,,,,
6,2/19/2022,22,3,3,23,28,18,0.01,0.02,0.06,CO,BR,SL,NA,NA,NA,NA,,,,,,,,,,,,,,,,,
6,2/19/2022,23,1,3.5,14,12,35,0,0.01,0.06,BR,BR,PE,45,10,0,0,,,,,,,,,,,,,,,,,
6,2/19/2022,23,2,3.4,12,18,42,0,0.02,0.1,BR,BR,BR,NA,NA,NA,NA,,,,,,,,,,,,,,,,,
6,2/19/2022,23,3,4.3,15,18,13,0,0.01,0.13,PE,PE,CO,NA,NA,NA,NA,,,,,,,,,,,,,,,,,
6,2/19/2022,24,1,2.9,11,19,20,0.1,0.08,0.04,SD,CO,PE,41,6.5,2.5,0,,,,,,,,,,,,,,,,,
6,2/19/2022,24,2,4,14,23,37,0,0.04,0.01,SD,BO,CO,NA,NA,NA,NA,,,,,,,,,,,,,,,,,
6,2/19/2022,24,3,2.9,9,13,7,0,0.19,0.06,SD,PE,CO,NA,NA,NA,NA,,,,,,,,,,,,,,,,,
6,2/19/2022,25,1,3.2,7,10,6,0.34,0.26,0.09,PE,PE,CO,32,4,0,7,1.6,30,20,40,,,,,,,,,,,,,"AT 4/23/22, substrate3, change 'CP' to 'CO'  "
6,2/19/2022,25,2,2.8,14,12,6,0.19,0.07,0.07,CO,CO,PE,NA,NA,NA,NA,,,,,,,,,,,,,,,,,
6,2/19/2022,25,3,2.1,31,30,13,0.05,0.06,0.09,BO,CO,PE,NA,NA,NA,NA,,,,,,,,,,,,,,,,,
6,2/19/2022,26,1,2.4,28,17,7,0.02,0.07,0.04,CO,CO,CO,25,0,7.5,2.5,,,,,,,,,,,,,,,,,
6,2/19/2022,26,2,3.1,26,13,5,0.07,0.11,0,CO,PE,PE,NA,NA,NA,NA,,,,,,,,,,,,,,,,,
6,2/19/2022,26,3,2.8,11,9,10,0.04,0.07,0,PE,PE,PE,NA,NA,NA,NA,,,,,,,,,,,,,,,,,
6,2/19/2022,27,1,2.4,5,11,12,0.08,0.11,0.03,PE,PE,CO,10,0,0,10,,,,,,,,,,,,,,,,,
6,2/19/2022,27,2,1.7,5,10,7,0.17,0.19,0.21,CO,CO,CO,NA,NA,NA,NA,,,,,,,,,,,,,,,,,
6,2/19/2022,27,3,1.8,5,7,4,0.05,0.11,0.22,CO,PE,PE,NA,NA,NA,NA,,,,,,,,,,,,,,,,,
6,2/19/2022,28,1,2.6,5,8,12,0.05,0.06,0.11,CO,PE,PE,25,3.5,6.5,0,,,,,,,,,,,,,,,,,
6,2/19/2022,28,2,4.8,6,8,10,0.02,0.05,0.09,CO,CO,PE,NA,NA,NA,NA,,,,,,,,,,,,,,,,,
6,2/19/2022,28,3,4.2,19,18,15,0.02,0,0.01,CO,CO,BR,NA,NA,NA,NA,,,,,,,,,,,,,,,,,
6,2/19/2022,29,1,3.2,15,15,16,0.03,0.04,0.01,CO,CO,CO,25,10,0,0,,,,,,,,,,,,,,,,,
6,2/19/2022,29,2,3,12,19,10,0.01,0.05,0.01,CO,PE,BR,NA,NA,NA,NA,,,,,,,,,,,,,,,,,
6,2/19/2022,29,3,3.1,16,20,22,0.05,0.05,0,SD,CO,CO,NA,NA,NA,NA,,,,,,,,,,,,,,,,,
6,2/19/2022,30,1,3.1,11,18,19,0,0.02,0.22,CO,BO,CO,39,0,7.5,2.5,,,,,,,,,,,,,,,,,
6,2/19/2022,30,2,2.2,16,24,22,0.1,0.11,0.07,BR,BR,PE,NA,NA,NA,NA,,,,,,,,,,,,,,,,,
6,2/19/2022,30,3,1.3,22,34,14,0.05,0.1,0.06,BR,BR,BR,NA,NA,NA,NA,,,,,,,,,,,,,,,,,
6,2/19/2022,31,1,2.7,29,23,31,0.04,0.07,0.01,BR,BR,BO,48,8.5,1.5,0,1.6,40,50,60,,,,,,,,,,,,,
6,2/19/2022,31,2,4.9,13,20,25,0.04,0.05,0,PE,PE,CO,NA,NA,NA,NA,,,,,,,,,,,,,,,,,
6,2/19/2022,31,3,3.3,15,46,24,0,0.03,0.05,SD,CO,PE,NA,NA,NA,NA,,,,,,,,,,,,,,,,,
6,2/19/2022,32,1,4.1,24,13,25,0,0.05,0.08,BR,BR,PE,56,8,1,0,1.4,40,50,20,,,,,,,,,,,,,
6,2/19/2022,32,2,2.9,16,13,6,0.08,0.11,0.04,BR,BR,PE,NA,NA,NA,NA,,,,,,,,,,,,,,,,,
6,2/19/2022,32,3,2.4,20,33,14,0,0.02,0.1,PE,CO,PE,NA,NA,NA,NA,,,,,,,,,,,,,,,,,
6,2/19/2022,33,1,2.4,13,10,8,0.05,0.31,0.16,CO,PE,PE,17,0,7,3,,,,,,,,,,,,,,,,,
6,2/19/2022,33,2,1.9,12,9,6,0.05,0.3,0.17,CO,CO,PE,NA,NA,NA,NA,,,,,,,,,,,,,,,,,
6,2/19/2022,33,3,2.1,12,14,7,0.09,0.23,0.08,CO,PE,PE,NA,NA,NA,NA,,,,,,,,,,,,,,,,,
6,2/19/2022,34,1,4.9,27,11,13,0.03,0.05,0,PE,PE,GV,43,10,0,0,,,,,,,,,,,,,,,,,
6,2/19/2022,34,2,5.1,12,22,30,0.04,0.01,0,PE,PE,CO,NA,NA,NA,NA,,,,,,,,,,,,,,,,,
6,2/19/2022,34,3,4.4,15,23,29,0.01,0.02,0,SD,BR,BR,NA,NA,NA,NA,,,,,,,,,,,,,,,,,
6,2/19/2022,35,1,4.9,26,73,32,0,0,0,SL,SD,SD,97,10,0,0,2.7,100,130,90,3,40,30,60,,,,,,,,,
6,2/19/2022,35,2,4.6,36,83,41,0.01,0,0,SD,SD,BR,NA,NA,NA,NA,,,,,,,,,,,,,,,,,
6,2/19/2022,35,3,3.8,19,59,68,0.02,0.01,0,SD,CO,SD,NA,NA,NA,NA,,,,,,,,,,,,,,,,,
6,2/19/2022,36,1,3.9,10,15,10,0.04,0.09,0.06,CO,SD,SD,41,10,0,0,,,,,,,,,,,,,,,,,
6,2/19/2022,36,2,3.6,28,26,11,0,0.01,0.02,CO,CO,SD,NA,NA,NA,NA,,,,,,,,,,,,,,,,,
6,2/19/2022,36,3,2.9,34,40,18,0,0.04,0.02,BR,CO,SD,NA,NA,NA,NA,,,,,,,,,,,,,,,,,
6,2/19/2022,37,1,2.8,27,46,25,0,0.07,0.01,BR,SD,SD,37,8,1,0,,,,,,,,,,,,,,,,,
6,2/19/2022,37,2,2.9,29,37,15,0,0.04,0.01,BR,BR,SD,NA,NA,NA,NA,,,,,,,,,,,,,,,,,
6,2/19/2022,37,3,3.2,42,47,23,0.01,0.01,0.02,BR,BO,CO,NA,NA,NA,NA,,,,,,,,,,,,,,,,,
6,2/19/2022,38,1,2,7,8,10,0.23,0.4,0.55,CO,CO,CO,20,0,7.5,2.5,,,,,,,,,,,,,,,,,
6,2/19/2022,38,2,2.4,7,18,13,0.14,0.25,0.06,CO,CO,CO,NA,NA,NA,NA,,,,,,,,,,,,,,,,,
6,2/19/2022,38,3,3.6,20,13,10,0.24,0.15,0.1,CO,CO,PE,NA,NA,NA,NA,,,,,,,,,,,,,,,,,
6,2/19/2022,39,1,2.7,10,17,10,0.09,0.14,0.15,CO,BO,CO,31,7,3,0,,,,,,,,,,,,,,,,,
6,2/19/2022,39,2,3.3,24,15,8,0.1,0,0.04,CO,SD,SD,NA,NA,NA,NA,,,,,,,,,,,,,,,,,
6,2/19/2022,39,3,4.6,12,17,22,0,0.02,0.12,SL,PE,PE,NA,NA,NA,NA,,,,,,,,,,,,,,,,,
6,2/19/2022,40,1,3.1,7,10,7,0.11,0.14,0.19,PE,PE,PE,17,0,0,10,,,,,,,,,,,,,,,,,
6,2/19/2022,40,2,2.1,11,16,10,0.07,0.09,0.05,BR,BO,BR,NA,NA,NA,NA,,,,,,,,,,,,,,,,,
6,2/19/2022,40,3,5.3,9,8,8,0.53,0.42,0.26,BR,BR,BR,NA,NA,NA,NA,,,,,,,,,,,,,,,,,
6,2/19/2022,41,1,5.2,8,9,10,0.04,0.07,0.09,BR,BR,PE,27,3.5,6.5,0,,,,,,,,,,,,,,,,,
6,2/19/2022,41,2,4.6,11,12,8,0.03,0.02,0.07,BR,BR,PE,NA,NA,NA,NA,,,,,,,,,,,,,,,,,
6,2/19/2022,41,3,5,28,22,15,0.04,0.03,0.03,BO,BO,SD,NA,NA,NA,NA,,,,,,,,,,,,,,,,,
6,2/19/2022,42,1,4.5,33,31,26,0,0,0.02,BR,BO,PE,49,0,10,2,2.5,30,30,40,,,,,,,,,,,,,
6,2/19/2022,42,2,3.8,33,29,21,0,0.04,0.01,CO,BR,BR,NA,NA,NA,NA,,,,,,,,,,,,,,,,,
6,2/19/2022,42,3,3.8,16,10,7,0.08,0.14,0.12,SD,PE,PE,NA,NA,NA,NA,,,,,,,,,,,,,,,,,
6,2/19/2022,43,1,2.5,8,32,17,0.03,0.07,0.05,SD,CO,BR,31,0,9.5,2.5,,,,,,,,,,,,,,,,,
6,2/19/2022,43,2,2.5,12,11,12,0.16,0.15,0.01,PE,BR,BO,NA,NA,NA,NA,,,,,,,,,,,,,,,,,
6,2/19/2022,43,3,6.9,9,13,10,0.06,0.06,0.05,PE,CO,BR,NA,NA,NA,NA,,,,,,,,,,,,,,,,,
7,5/2/2022,1,1,2.8,17,13,15,0.06,0.05,0,SD,SD,SD,44,9,0,0,,,,,,,,,,,,,,,,,
7,5/2/2022,1,2,3.4,20,6,4,0.05,0.06,0.04,SD,SD,SD,NA,NA,NA,NA,,,,,,,,,,,,,,,,,
7,5/2/2022,1,3,4.2,12,4,6,0.05,0.06,0.04,SD,SD,SD,NA,NA,NA,NA,,,,,,,,,,,,,,,,,
7,5/2/2022,2,1,4.1,24,24,8,0,0.05,0.09,CO,SD,SD,64,7,0,2,4.1,70,55,40,,,,,,,,,,,,,
7,5/2/2022,2,2,2.7,60,34,13,0,0,0.07,CO,PE,SD,NA,NA,NA,NA,,,,,,,,,,,,,,,,,
7,5/2/2022,2,3,2.4,40,12,8,0,0.14,0.19,CO,BR,PE,NA,NA,NA,NA,,,,,,,,,,,,,,,,,
7,5/2/2022,3,1,3.4,16,15,13,0.02,0.12,0.05,BR,SD,SD,27,0,6.9,3.1,,,,,,,,,,,,,,,,,
7,5/2/2022,3,2,2.5,6,8,6,0.2,0.07,0.15,CO,CO,SD,NA,NA,NA,NA,,,,,,,,,,,,,,,,,
7,5/2/2022,3,3,3.8,5,8,7,0.15,0.18,0.09,CO,CO,CO,NA,NA,NA,NA,,,,,,,,,,,,,,,,,
7,5/2/2022,4,1,3.1,19,38,39,0.01,0,0.03,CO,CO,SD,59,10,0,0,,,,,,,,,,,,,,,,,
7,5/2/2022,4,2,2.7,41,58,36,0,0.02,0,CO,CO,SL,NA,NA,NA,NA,,,,,,,,,,,,,,,,,
7,5/2/2022,4,3,2.5,52,40,43,0,0.01,0,CO,BR,SD,NA,NA,NA,NA,,,,,,,,,,,,,,,,,
7,5/2/2022,5,1,2.4,24,11,21,0.02,0.01,0.02,BR,BR,BR,65,10,0,0,1.9,103,36,41,,,,,,,,,,,,,
7,5/2/2022,5,2,4.1,17,33,24,0,0,0.06,SD,CO,CO,NA,NA,NA,NA,,,,,,,,,,,,,,,,,
7,5/2/2022,5,3,2.7,14,43,19,0.02,0.06,0.06,PE,CO,PE,NA,NA,NA,NA,,,,,,,,,,,,,,,,,
7,5/2/2022,6,1,4.5,51,43,27,0,0.02,0.02,SD,SD,SD,72,10,0,0,2.2,15,25,40,,,,,,,,,,,,,
7,5/2/2022,6,2,4.3,62,56,45,0,0,0.02,SL,CO,PE,NA,NA,NA,NA,,,,,,,,,,,,,,,,,
7,5/2/2022,6,3,2.8,42,54,19,0,0.06,0.01,SL,CO,PE,NA,NA,NA,NA,,,,,,,,,,,,,,,,,
7,5/2/2022,7,1,1.7,4,10,8,0.4,0.23,0.22,PE,CO,PE,17,0,5.2,4.8,,,,,,,,,,,,,,,,,
7,5/2/2022,7,2,1.2,11,7,4,0.4,0.36,0.38,CO,CO,CO,NA,NA,NA,NA,,,,,,,,,,,,,,,,,
7,5/2/2022,7,3,2.7,11,11,7,0.09,0.14,0.12,CO,CO,PE,NA,NA,NA,NA,,,,,,,,,,,,,,,,,
7,5/2/2022,8,1,2.7,44,21,12,0.03,0.05,0.04,CO,CO,CO,29,8,0,0,1.9,40,35,45,,,,,,,,,,,,,
7,5/2/2022,8,2,2.2,15,23,15,0.05,0.04,0.02,SL,SL,SD,NA,NA,NA,NA,,,,,,,,,,,,,,,,,
7,5/2/2022,8,3,2.3,21,27,13,,,,CO,SL,SD,NA,NA,NA,NA,,,,,,,,,,,,,,,,,
7,5/2/2022,9,1,2.1,21,27,11,0.05,0.11,0.05,CO,CO,SD,29,0,6,4,,,,,,,,,,,,,,,,,
7,5/2/2022,9,2,2.4,24,28,18,0,0.08,0.12,PE,SD,CO,NA,NA,NA,NA,,,,,,,,,,,,,,,,,
7,5/2/2022,9,3,1.8,10,9,4,0.4,0.48,0.21,CO,CO,CO,NA,NA,NA,NA,,,,,,,,,,,,,,,,,
7,5/2/2022,10,1,4.4,5,21,35,0.02,0.01,0,SD,CO,SD,75,11,0,0,2.1,30,50,45,,,,,,,,,,,,,
7,5/2/2022,10,2,3.1,10,50,27,0.01,0.02,0.05,PE,CO,BO,NA,NA,NA,NA,,,,,,,,,,,,,,,,,
7,5/2/2022,10,3,4.5,18,63,41,0,0.01,0,SD,BO,SD,NA,NA,NA,NA,,,,,,,,,,,,,,,,,
7,5/2/2022,11,1,2.2,12,33,38,0.02,0.03,0.01,SD,SD,SD,49,3.5,2.5,2,2.4,30,65,25,,,,,,,,,,,,,
7,5/2/2022,11,2,2.1,11,27,31,0.02,0.05,0.09,SD,CO,CO,NA,NA,NA,NA,,,,,,,,,,,,,,,,,
7,5/2/2022,11,3,3.9,17,11,11,0,0.4,0.22,CO,CO,BR,NA,NA,NA,NA,,,,,,,,,,,,,,,,,
7,5/2/2022,12,1,4.5,17,15,18,0,0.05,0.02,CO,SD,SD,82,10,0,0,2.2,40,70,85,,,,,,,,,,,,,
7,5/2/2022,12,2,4.1,33,25,11,0.02,0.03,0,SD,PE,SD,NA,NA,NA,NA,,,,,,,,,,,,,,,,,
7,5/2/2022,12,3,3.9,75,47,14,0,0,0.02,SD,CO,PE,NA,NA,NA,NA,,,,,,,,,,,,,,,,,
7,5/2/2022,13,1,3.8,24,46,35,0.01,0.06,0.01,BR,CO,SD,59,10,0,0,,,,,,,,,,,,,,,,,
7,5/2/2022,13,2,3.7,14,45,21,0.01,0.02,0.03,SD,BR,BR,NA,NA,NA,NA,,,,,,,,,,,,,,,,,
7,5/2/2022,13,3,2.4,7,28,30,0.06,0.09,0.02,SD,CO,BR,NA,NA,NA,NA,,,,,,,,,,,,,,,,,
7,5/2/2022,14,1,2.9,5,30,22,0.02,0.04,0.06,PE,BR,CO,20,0,9.5,2.5,,,,,,,,,,,,,,,,,
7,5/2/2022,14,2,2.7,5,10,9,0.06,0.18,0.26,CO,CO,PE,NA,NA,NA,NA,,,,,,,,,,,,,,,,,
7,5/2/2022,14,3,2.6,19,19,14,0,0.14,0.32,CO,CO,PE,NA,NA,NA,NA,,,,,,,,,,,,,,,,,
7,5/2/2022,15,1,3.2,10,15,10,0.24,0.15,0.1,CO,CO,CO,25,0,10,0,,,,,,,,,,,,,,,,,
7,5/2/2022,15,2,1.9,11,12,6,0.08,0.09,0.08,BR,BR,BR,NA,NA,NA,NA,,,,,,,,,,,,,,,,,
7,5/2/2022,15,3,2.5,27,20,15,0.05,0.06,0.01,CO,CO,CO,NA,NA,NA,NA,,,,,,,,,,,,,,,,,
7,5/2/2022,16,1,2.6,10,11,15,0.04,0.08,0.12,CO,CO,BR,20,0,3,7,2.5,15,30,20,,,,,,,,,,,,,
7,5/2/2022,16,2,2.9,10,20,7,0.14,0.2,0.1,CO,BO,CO,NA,NA,NA,NA,,,,,,,,,,,,,,,,,
7,5/2/2022,16,3,4.4,10,17,7,0.1,0.15,0.11,SD,BR,BR,NA,NA,NA,NA,,,,,,,,,,,,,,,,,
7,5/2/2022,17,1,3.7,17,7,21,0.12,0.09,0.06,BR,BR,CO,28,6,3,0,,,,,,,,,,,,,,,,,
7,5/2/2022,17,2,3.5,12,12,17,0,0.14,0.09,BR,BR,BR,NA,NA,NA,NA,,,,,,,,,,,,,,,,,
7,5/2/2022,17,3,3.8,12,20,10,0.06,0.05,0,BR,BR,CO,NA,NA,NA,NA,,,,,,,,,,,,,,,,,
7,5/2/2022,18,1,2.7,9,12,6,0.2,0.18,0.02,BR,BR,SD,17,0,5.5,4.5,,,,,,,,,,,,,,,,,
7,5/2/2022,18,2,1.2,11,12,6,0.55,0.41,0.02,BR,CO,PE,NA,NA,NA,NA,,,,,,,,,,,,,,,,,
7,5/2/2022,18,3,1.3,10,5,3,0.55,0.65,0.3,BR,PE,CO,NA,NA,NA,NA,,,,,,,,,,,,,,,,,
7,5/2/2022,19,1,2.9,8,5,15,0.01,0.06,0.1,SD,PE,CO,44,10,0,0,1.5,20,10,15,,,,,,,,,,,,,
7,5/2/2022,19,2,3.9,5,16,15,0,0.05,0.02,SD,PE,CO,NA,NA,NA,NA,,,,,,,,,,,,,,,,,
7,5/2/2022,19,3,3.5,18,42,19,0,0.02,0.02,SD,CO,PE,NA,NA,NA,NA,,,,,,,,,,,,,,,,,
7,5/2/2022,20,1,3,23,44,38,0.03,0.05,0.01,SD,BO,PE,56,7.5,0,2.5,2.5,40,60,40,1.5,30,20,50,,,,,,,,,
7,5/2/2022,20,2,3.2,26,43,37,0.02,0.03,0.01,SD,BO,BR,NA,NA,NA,NA,,,,,,,,,,,,,,,,,
7,5/2/2022,20,3,2,7,11,30,0.02,0.05,0.05,CO,BO,CO,NA,NA,NA,NA,,,,,,,,,,,,,,,,,
7,5/2/2022,21,1,1.7,5,9,8,0.22,0.38,0.35,CO,CO,CO,24,10,0,0,,,,,,,,,,,,,,,,,
7,5/2/2022,21,2,2.9,8,12,9,0.1,0.05,0.02,CO,CO,CO,NA,NA,NA,NA,,,,,,,,,,,,,,,,,
7,5/2/2022,21,3,3.5,5,19,10,0.03,0.07,0,CO,SD,CO,NA,NA,NA,NA,,,,,,,,,,,,,,,,,
7,5/2/2022,22,1,3.9,28,15,10,0.03,0.05,0.03,CO,SD,SD,33,10,0,0,1.3,20,40,50,,,,,,,,,,,,,
7,5/2/2022,22,2,2.6,23,28,11,0.04,0.07,0.02,CO,CO,SD,NA,NA,NA,NA,,,,,,,,,,,,,,,,,
7,5/2/2022,22,3,2.9,19,21,17,0.05,0.07,0.03,CO,BR,SD,NA,NA,NA,NA,,,,,,,,,,,,,,,,,
7,5/2/2022,23,1,3.4,11,22,37,0.02,0.02,0.02,CO,BR,SD,46,10,0,0,,,,,,,,,,,,,,,,,
7,5/2/2022,23,2,4,8,8,38,0.04,0.02,0.01,SD,BR,SD,NA,NA,NA,NA,,,,,,,,,,,,,,,,,
7,5/2/2022,23,3,4.4,12,16,12,0.02,0.03,0.05,SD,SL,CO,NA,NA,NA,NA,,,,,,,,,,,,,,,,,
7,5/2/2022,24,1,2.5,9,18,14,0.04,0.08,0.03,SD,CO,CO,40,5.5,3.5,0,,,,,,,,,,,,,,,,,
7,5/2/2022,24,2,3,14,23,34,0.05,0.01,0.03,SD,CO,CO,NA,NA,NA,NA,,,,,,,,,,,,,,,,,
7,5/2/2022,24,3,2.9,7,13,8,0.05,0.2,0.09,SD,CO,CO,NA,NA,NA,NA,,,,,,,,,,,,,,,,,
7,5/2/2022,25,1,3.3,10,6,10,0.1,0.22,0.17,CO,CO,CO,33,4,0,7,1.5,30,40,20,,,,,,,,,,,,,
7,5/2/2022,25,2,2.9,15,14,8,0.07,0.13,0.1,CO,CO,PE,NA,NA,NA,NA,,,,,,,,,,,,,,,,,
7,5/2/2022,25,3,2.2,19,25,10,0.05,0.08,0.04,BR,CO,SD,NA,NA,NA,NA,,,,,,,,,,,,,,,,,
7,5/2/2022,26,1,2.3,25,16,6,0.05,0.08,0.01,BR,SD,CO,25,0,7,3,,,,,,,,,,,,,,,,,
7,5/2/2022,26,2,2.7,5,14,5,0.11,0.09,0.06,CO,SD,PE,NA,NA,NA,NA,,,,,,,,,,,,,,,,,
7,5/2/2022,26,3,2.6,6,5,9,0.1,0.22,0.17,PE,PE,CO,NA,NA,NA,NA,,,,,,,,,,,,,,,,,
7,5/2/2022,27,1,1.9,4,12,13,0.07,0.11,0.17,PE,CO,CO,17,0,0,10,,,,,,,,,,,,,,,,,
7,5/2/2022,27,2,1.4,7,8,7,0.38,0.55,0.29,CO,CO,CO,NA,NA,NA,NA,,,,,,,,,,,,,,,,,
7,5/2/2022,27,3,1.9,5,8,8,0.16,0.42,0.15,CO,CO,CO,NA,NA,NA,NA,,,,,,,,,,,,,,,,,
7,5/2/2022,28,1,2.6,5,9,11,0.04,0.03,0.09,CO,CO,CO,28,3.5,6.5,0,,,,,,,,,,,,,,,,,
7,5/2/2022,28,2,4.5,4,6,10,0.04,0.09,0.03,CO,CO,BR,NA,NA,NA,NA,,,,,,,,,,,,,,,,,
7,5/2/2022,28,3,4,25,17,15,0.04,0.01,0.03,CO,CO,BR,NA,NA,NA,NA,,,,,,,,,,,,,,,,,
7,5/2/2022,29,1,3.4,9,11,11,0.01,0.05,0,SD,CO,CO,23,10,0,0,,,,,,,,,,,,,,,,,
7,5/2/2022,29,2,3,15,17,17,0.02,0.05,0.02,SD,CO,BR,NA,NA,NA,NA,,,,,,,,,,,,,,,,,
7,5/2/2022,29,3,2.9,9,25,17,0,0.06,0,SD,BO,BO,NA,NA,NA,NA,,,,,,,,,,,,,,,,,
7,5/2/2022,30,1,2.5,12,15,20,0.08,0.15,0.09,BR,BR,BR,39,0,7.5,2.5,,,,,,,,,,,,,,,,,
7,5/2/2022,30,2,2.1,5,30,11,0.05,0.11,0.07,BR,SD,BR,NA,NA,NA,NA,,,,,,,,,,,,,,,,,
7,5/2/2022,30,3,1.1,31,35,12,0.1,0.17,0.03,CO,SD,BR,NA,NA,NA,NA,,,,,,,,,,,,,,,,,
7,5/2/2022,31,1,2.6,26,24,32,0.04,0.04,0.01,CO,BO,BO,51,8.5,1.5,0,1.5,30,35,40,,,,,,,,,,,,,
7,5/2/2022,31,2,5,17,19,24,0.07,0.04,0,PE,CO,BO,NA,NA,NA,NA,,,,,,,,,,,,,,,,,
7,5/2/2022,31,3,3.2,30,40,24,0,0,0.07,WE,CO,PE,NA,NA,NA,NA,,,,,,,,,,,,,,,,,
7,5/2/2022,32,1,4,8,46,20,0,0.01,0.05,BR,CO,SD,52,7,2,0,1.6,40,50,30,,,,,,,,,,,,,
7,5/2/2022,32,2,2.3,35,31,10,0.12,0.11,0.01,CO,CO,CO,NA,NA,NA,NA,,,,,,,,,,,,,,,,,
7,5/2/2022,32,3,2.4,22,31,13,0.05,0.03,0.03,CO,CO,CO,NA,NA,NA,NA,,,,,,,,,,,,,,,,,
7,5/2/2022,33,1,2.7,6,11,11,0.3,0.39,0.4,CO,CO,CO,16,0,6,4,,,,,,,,,,,,,,,,,
7,5/2/2022,33,2,2,15,9,3,0.25,0.2,0.11,CO,CO,PE,NA,NA,NA,NA,,,,,,,,,,,,,,,,,
7,5/2/2022,33,3,2.2,16,13,4,0.16,0.23,0.14,CO,CO,CO,NA,NA,NA,NA,,,,,,,,,,,,,,,,,
7,5/2/2022,34,1,5.1,13,10,23,0.08,0.06,0.01,SD,SD,SD,37,10,0,0,,,,,,,,,,,,,,,,,
7,5/2/2022,34,2,4.8,8,18,30,0.03,0,0.03,SD,SD,SD,NA,NA,NA,NA,,,,,,,,,,,,,,,,,
7,5/2/2022,34,3,4.4,20,28,27,0,0,0.02,SD,SD,BR,NA,NA,NA,NA,,,,,,,,,,,,,,,,,
7,5/2/2022,35,1,4.4,20,52,37,0.02,0,0,SD,SD,BR,91,10,0,0,3.7,100,120,50,3,30,50,60,,,,,,,,,
7,5/2/2022,35,2,4.5,37,80,12,0,0,0,SD,SD,BR,NA,NA,NA,NA,,,,,,,,,,,,,,,,,
7,5/2/2022,35,3,4.1,20,70,72,0,0,0,SD,CO,BR,NA,NA,NA,NA,,,,,,,,,,,,,,,,,
7,5/2/2022,36,1,3.6,11,17,9,0.05,0.08,0.06,CO,CO,SD,45,10,0,0,,,,,,,,,,,,,,,,,
7,5/2/2022,36,2,3.5,22,30,11,0.04,0.06,0,BR,CO,SD,NA,NA,NA,NA,,,,,,,,,,,,,,,,,
7,5/2/2022,36,3,3.3,25,37,15,0,0.01,0.04,BR,BR,SD,NA,NA,NA,NA,,,,,,,,,,,,,,,,,
7,5/2/2022,37,1,2.3,46,39,17,0.02,0.04,0.02,BO,SD,SD,51,7,2,0,,,,,,,,,,,,,,,,,
7,5/2/2022,37,2,2.8,25,32,13,0.02,0,0.04,BR,CO,SD,NA,NA,NA,NA,,,,,,,,,,,,,,,,,
7,5/2/2022,37,3,3.3,40,41,18,0,0.12,0.01,SD,SD,SD,NA,NA,NA,NA,,,,,,,,,,,,,,,,,
7,5/2/2022,38,1,2.1,10,7,7,0.2,0.56,0.22,CO,CO,CO,22,0,7,3,,,,,,,,,,,,,,,,,
7,5/2/2022,38,2,2.3,9,15,9,0.22,0.18,0.15,CO,CO,CO,NA,NA,NA,NA,,,,,,,,,,,,,,,,,
7,5/2/2022,38,3,2.1,9,10,10,0.27,0.15,0.37,CO,CO,CO,NA,NA,NA,NA,,,,,,,,,,,,,,,,,
7,5/2/2022,39,1,2.7,14,12,8,0.14,0.05,0.09,CO,SD,SD,29,8.5,1.5,0,,,,,,,,,,,,,,,,,
7,5/2/2022,39,2,3.7,21,16,10,0.03,0.09,0.11,CO,SD,SD,NA,NA,NA,NA,,,,,,,,,,,,,,,,,
7,5/2/2022,39,3,3.9,8,12,24,0,0.01,0.01,SD,PE,SD,NA,NA,NA,NA,,,,,,,,,,,,,,,,,
7,5/2/2022,40,1,3.2,4,6,5,0.2,0.53,0.25,PE,CO,PE,15,0,0,10,,,,,,,,,,,,,,,,,
7,5/2/2022,40,2,2.8,5,15,3,0.24,0.3,0.1,CO,BR,CO,NA,NA,NA,NA,,,,,,,,,,,,,,,,,
7,5/2/2022,40,3,5.3,8,9,9,0.55,0.28,0.33,BR,BR,BR,NA,NA,NA,NA,,,,,,,,,,,,,,,,,
7,5/2/2022,41,1,5.4,10,8,10,0.01,0.08,0.05,BR,BR,SD,27,5.5,4.5,0,,,,,,,,,,,,,,,,,
7,5/2/2022,41,2,4.7,11,13,12,0,0.01,0.06,BR,BR,PE,NA,NA,NA,NA,,,,,,,,,,,,,,,,,
7,5/2/2022,41,3,5.2,19,26,12,0.05,0.05,0.03,CO,CO,SD,NA,NA,NA,NA,,,,,,,,,,,,,,,,,
7,5/2/2022,42,1,4.5,26,42,27,0.05,0.01,0.04,BR,BR,CO,48,10,2,0,2.4,30,40,50,,,,,,,,,,,,,
7,5/2/2022,42,2,3,30,33,14,0,0.03,0.01,CO,CO,CO,NA,NA,NA,NA,,,,,,,,,,,,,,,,,
7,5/2/2022,42,3,3.7,15,8,7,0,0.02,0.12,SD,CO,CO,NA,NA,NA,NA,,,,,,,,,,,,,,,,,
7,5/2/2022,43,1,3,8,20,19,0.07,0.05,0,SD,CO,BR,25,0,9.5,2.5,,,,,,,,,,,,,,,,,
7,5/2/2022,43,2,2.7,10,15,13,0.01,0.13,0.03,SD,BR,BR,NA,NA,NA,NA,,,,,,,,,,,,,,,,,
7,5/2/2022,43,3,6.9,6,10,14,0.11,0.08,0.27,SD,CO,BR,NA,NA,NA,NA,,,,,,,,,,,,,,,,,
8,8/10/2022,1,1,2.5,29,22,21,0.15,0.2,0.1,CO,CO,CO,NA,0,0,9,,,,,,,,,,,,,,,,,
8,8/10/2022,1,2,3,27,20,16,0.25,0.2,0.11,PE,SD,PE,NA,NA,NA,NA,,,,,,,,,,,,,,,,,
8,8/10/2022,1,3,3.8,21,20,17,0.1,0.15,0.18,PE,SD,SD,NA,NA,NA,NA,,,,,,,,,,,,,,,,,
8,8/10/2022,2,1,3.9,25,37,17,0.15,0.2,0.07,CO,SD,SD,NA,6,0,3,4.8,30,77,64,,,,,,,,,,,,,
8,8/10/2022,2,2,2.6,72,61,16,0.1,0.01,0.03,CO,SD,SL,NA,NA,NA,NA,,,,,,,,,,,,,,,,,
8,8/10/2022,2,3,2.3,56,37,14,0.2,0.1,0.17,CO,CO,PE,NA,NA,NA,NA,,,,,,,,,,,,,,,,,
8,8/10/2022,3,1,3.4,18,15,15,0.12,0.29,0.19,CO,CO,GV,NA,0,7,3,,,,,,,,,,,,,,,,,
8,8/10/2022,3,2,3.7,11,14,13,0.23,0.28,0.16,PE,PE,PE,NA,NA,NA,NA,,,,,,,,,,,,,,,,,
8,8/10/2022,3,3,4.2,13,13,12,0.36,0.24,0.11,CO,CO,CO,NA,NA,NA,NA,,,,,,,,,,,,,,,,,
8,8/10/2022,4,1,3,54,46,39,0.06,0.1,0.06,CO,SD,SD,NA,10,0,0,,,,,,,,,,,,,,,,,
8,8/10/2022,4,2,4.5,51,62,15,0.07,0,0,PE,SD,SL,NA,NA,NA,NA,,,,,,,,,,,,,,,,,
8,8/10/2022,4,3,2.3,62,49,42,0.01,0.07,0.03,BR,BO,GV,NA,NA,NA,NA,,,,,,,,,,,,,,,,,
8,8/10/2022,5,1,2.4,30,37,30,0.27,0.01,0.05,BR,BR,BR,NA,10,0,0,,,,,,,,,,,,,,,,,
8,8/10/2022,5,2,4,31,20,38,0.05,0.11,0.11,GV,SD,PE,NA,NA,NA,NA,,,,,,,,,,,,,,,,,
8,8/10/2022,5,3,3.1,30,50,31,0.04,0,0.11,SL,SL,PE,NA,NA,NA,NA,,,,,,,,,,,,,,,,,
8,8/10/2022,6,1,4.7,58,43,18,0.3,0.1,0.13,CO,SD,SL,NA,10,0,0,3.5,80,50,30,,,,,,,,,,,,,
8,8/10/2022,6,2,4.4,69,71,32,0,0,0.07,GV,SD,PE,NA,NA,NA,NA,,,,,,,,,,,,,,,,,
8,8/10/2022,6,3,2.5,48,58,26,0.07,0.23,0.17,SL,CO,CO,NA,NA,NA,NA,,,,,,,,,,,,,,,,,
8,8/10/2022,7,1,2.1,21,26,16,0.28,0.23,0.58,PE,PE,PE,NA,0,6.5,3.5,,,,,,,,,,,,,,,,,
8,8/10/2022,7,2,2.1,16,16,17,0.68,0.58,0.48,PE,PE,PE,NA,NA,NA,NA,,,,,,,,,,,,,,,,,
8,8/10/2022,7,3,2.9,15,17,12,0.19,0.23,0.25,PE,PE,PE,NA,NA,NA,NA,,,,,,,,,,,,,,,,,
8,8/10/2022,8,1,2.9,36,32,15,0.28,0.23,0.17,CO,CO,PE,NA,0,8,0,,,,,,,,,,,,,,,,,
8,8/10/2022,8,2,2.7,23,31,17,0.19,0.16,0.17,SL,SL,PE,NA,NA,NA,NA,,,,,,,,,,,,,,,,,
8,8/10/2022,8,3,2.7,38,29,11,0.13,0.11,0.09,CO,CO,PE,NA,NA,NA,NA,,,,,,,,,,,,,,,,,
8,8/10/2022,9,1,2.2,32,29,12,0.05,0.3,0.09,CO,CO,PE,NA,0,3,7,,,,,,,,,,,,,,,,,
8,8/10/2022,9,2,2.8,26,38,24,0.09,0.3,0.28,CO,CO,PE,NA,NA,NA,NA,,,,,,,,,,,,,,,,,
8,8/10/2022,9,3,2,12,9,6,0.19,0.72,0.18,CO,CO,CO,NA,NA,NA,NA,,,,,,,,,,,,,,,,,
8,8/10/2022,10,1,4.7,5,33,33,0.04,0.07,0.04,SD,PE,SL,NA,8,3,0,3,60,50,40,,,,,,,,,,,,,
8,8/10/2022,10,2,3.5,21,46,11,0.04,0.13,0.08,PE,CO,BO,NA,NA,NA,NA,,,,,,,,,,,,,,,,,
8,8/10/2022,10,3,4.9,30,73,41,0.04,0,0.01,PE,CO,SL,NA,NA,NA,NA,,,,,,,,,,,,,,,,,
8,8/10/2022,11,1,2.7,12,22,32,0.04,0.25,0.17,PE,CO,CO,NA,0,4,4,2.1,60,24,20,,,,,,,,,,,,,
8,8/10/2022,11,2,2,13,20,11,0.22,0.58,0,CO,CO,CO,NA,NA,NA,NA,,,,,,,,,,,,,,,,,
8,8/10/2022,11,3,4,12,31,9,0,0.38,0.4,BR,BR,BO,NA,NA,NA,NA,,,,,,,,,,,,,,,,,
8,8/10/2022,12,1,4.2,17,19,20,0.08,0.14,0.04,PE,CO,PE,NA,10,0,0,2.8,20,60,101,,,,,,,,,,,,,
8,8/10/2022,12,2,4.5,36,35,20,0,0.12,0.09,SD,SD,SD,NA,NA,NA,NA,,,,,,,,,,,,,,,,,
8,8/10/2022,12,3,3.7,82,62,28,0.02,0.03,0.02,SL,SE,PE,NA,NA,NA,NA,,,,,,,,,,,,,,,,,
8,8/10/2022,13,1,5,47,73,30,0,0.12,0,BR,SD,SD,NA,10,0,0,,,,,,,,,,,,,,,,,
8,8/10/2022,13,2,3.4,27,41,31,0.03,0.18,0.11,SL,BR,BR,NA,NA,NA,NA,,,,,,,,,,,,,,,,,
8,8/10/2022,13,3,2.7,12,36,43,0.15,0.19,0.11,SL,CO,CO,NA,NA,NA,NA,,,,,,,,,,,,,,,,,
8,8/10/2022,14,1,2.8,21,37,26,0.14,0.16,0.09,SD,BR,CO,NA,0,9.5,2.5,,,,,,,,,,,,,,,,,
8,8/10/2022,14,2,2.9,7,15,9,0.14,0.43,0.34,CO,CO,GV,NA,NA,NA,NA,,,,,,,,,,,,,,,,,
8,8/10/2022,14,3,2.5,18,25,8,0.3,0.06,0.3,CO,CO,PE,NA,NA,NA,NA,,,,,,,,,,,,,,,,,
8,8/10/2022,15,1,2.2,10,19,12,0.08,0.22,0.33,CO,CO,CO,NA,0,10,0,,,,,,,,,,,,,,,,,
8,8/10/2022,15,2,2.5,21,20,10,0.23,0.24,0.2,CO,CO,CO,NA,NA,NA,NA,,,,,,,,,,,,,,,,,
8,8/10/2022,15,3,2.4,29,27,20,0.17,0.16,0.2,CO,CO,CO,NA,NA,NA,NA,,,,,,,,,,,,,,,,,
8,8/10/2022,16,1,2.4,16,13,22,0.14,0.18,0.2,CO,CO,CO,NA,0,2.8,7.2,2.8,40,60,30,,,,,,,,,,,,,
8,8/10/2022,16,2,2.8,14,17,8,0.09,0.39,0.08,CO,CO,CO,NA,NA,NA,NA,,,,,,,,,,,,,,,,,
8,8/10/2022,16,3,4.8,15,17,7,0,0.05,0.18,BR,CO,BR,NA,NA,NA,NA,,,,,,,,,,,,,,,,,
8,8/10/2022,17,1,3.8,14,10,25,0.07,0.03,0.01,BR,BR,BR,NA,0,9,0,,,,,,,,,,,,,,,,,
8,8/10/2022,17,2,3.6,14,10,20,0.05,0.33,0.06,BR,BR,BR,NA,NA,NA,NA,,,,,,,,,,,,,,,,,
8,8/10/2022,17,3,3.5,16,22,20,0.37,0.06,0.01,BR,BO,BR,NA,NA,NA,NA,,,,,,,,,,,,,,,,,
8,8/10/2022,18,1,3.6,16,15,8,0.06,0.26,0.07,BR,BR,PE,NA,0,0,10,,,,,,,,,,,,,,,,,
8,8/10/2022,18,2,2.1,19,20,7,0.7,0.44,0.03,BR,PE,PE,NA,NA,NA,NA,,,,,,,,,,,,,,,,,
8,8/10/2022,18,3,1.9,9,13,5,0.48,0.46,0.21,BR,PE,PE,NA,NA,NA,NA,,,,,,,,,,,,,,,,,
8,8/10/2022,19,1,4.5,4,7,12,0.04,0.08,0.19,BR,BR,CO,NA,10,0,0,1.2,20,32,25,,,,,,,,,,,,,
8,8/10/2022,19,2,4.7,13,17,15,0.03,0.07,0.09,SL,CO,CO,NA,NA,NA,NA,3.2,,,,,,,,,,,,,,,,
8,8/10/2022,19,3,4.6,21,49,16,0.03,0,0.02,SL,CO,SD,NA,NA,NA,NA,,,,,,,,,,,,,,,,,
8,8/10/2022,20,1,4.2,18,60,43,0.06,0.08,0,SL,BR,CO,NA,6,0,4,3.2,45,50,50,,,,,,,,,,,,,
8,8/10/2022,20,2,3.7,18,54,35,0,0.08,0.02,SL,CO,BR,NA,NA,NA,NA,,,,,,,,,,,,,,,,,
8,8/10/2022,20,3,3,8,22,38,0.04,0.14,0.07,CO,BR,BR,NA,NA,NA,NA,,,,,,,,,,,,,,,,,
8,8/10/2022,21,1,2.2,12,17,4,0.44,0.3,0.14,CO,CO,CO,NA,10,0,0,,,,,,,,,,,,,,,,,
8,8/10/2022,21,2,3.6,18,27,15,0.11,0.01,0.08,CO,CO,BR,NA,NA,NA,NA,,,,,,,,,,,,,,,,,
8,8/10/2022,21,3,3.6,10,24,18,0,0.13,0.02,CO,GV,GV,NA,NA,NA,NA,,,,,,,,,,,,,,,,,
8,8/10/2022,22,1,4,35,23,16,0.08,0.15,0.06,PE,GV,SL,NA,10,0,0,1.6,20,30,55,,,,,,,,,,,,,
8,8/10/2022,22,2,3.1,22,35,10,0.08,0.12,0.02,PE,GV,SD,NA,NA,NA,NA,,,,,,,,,,,,,,,,,
8,8/10/2022,22,3,3.4,22,17,10,0.07,0.12,0.02,CO,BO,SD,NA,NA,NA,NA,,,,,,,,,,,,,,,,,
8,8/10/2022,23,1,3.9,12,22,22,0.08,0.09,0.03,CO,BR,SD,NA,10,0,0,,,,,,,,,,,,,,,,,
8,8/10/2022,23,2,3.8,13,30,13,0,0.02,0.11,SD,CO,CO,NA,NA,NA,NA,,,,,,,,,,,,,,,,,
8,8/10/2022,23,3,4.2,21,17,11,0,0.01,0.2,CO,CO,CO,NA,NA,NA,NA,,,,,,,,,,,,,,,,,
8,8/10/2022,24,1,3.2,13,24,22,0.03,0.06,0.1,SL,CO,CO,NA,4,0,5,1.2,22,40,35,,,,,,,,,,,,,
8,8/10/2022,24,2,3.6,17,33,44,0.02,0.12,0.01,SL,CO,CO,NA,NA,NA,NA,,,,,,,,,,,,,,,,,
8,8/10/2022,24,3,3.2,16,15,16,0.04,0.22,0.23,CO,CO,CO,NA,NA,NA,NA,,,,,,,,,,,,,,,,,
8,8/10/2022,25,1,3.5,12,12,10,0.35,0.22,0.16,CO,CO,CO,NA,0,11,0,2,40,45,30,,,,,,,,,,,,,
8,8/10/2022,25,2,3.1,17,20,9,0.25,0.27,0.18,CO,CO,PE,NA,NA,NA,NA,,,,,,,,,,,,,,,,,
8,8/10/2022,25,3,2.2,30,34,7,0.03,0.2,0,BR,CO,SD,NA,NA,NA,NA,,,,,,,,,,,,,,,,,
8,8/10/2022,26,1,2.8,32,23,6,0.1,0.25,0.08,CO,PE,CO,NA,0,6.5,4.5,,,,,,,,,,,,,,,,,
8,8/10/2022,26,2,3.2,20,19,6,0.12,0.25,0.04,SL,SD,SD,NA,NA,NA,NA,,,,,,,,,,,,,,,,,
8,8/10/2022,26,3,4,10,10,8,0.28,0.3,0.28,SD,PE,CO,NA,NA,NA,NA,,,,,,,,,,,,,,,,,
8,8/10/2022,27,1,2.6,9,17,10,0.08,0.03,0.19,PE,CO,GV,NA,0,0,10,,,,,,,,,,,,,,,,,
8,8/10/2022,27,2,1.9,7,10,11,0.18,0.15,0.22,CO,CO,CO,NA,NA,NA,NA,,,,,,,,,,,,,,,,,
8,8/10/2022,27,3,2.3,5,13,12,0.14,0.24,0.21,CO,CO,CO,NA,NA,NA,NA,,,,,,,,,,,,,,,,,
8,8/10/2022,28,1,3.8,6,10,13,0.06,0.03,0.07,CO,CO,PE,NA,3.5,6.5,0,,,,,,,,,,,,,,,,,
8,8/10/2022,28,2,4.6,12,12,13,0.06,0.07,0.03,CO,CO,GV,NA,NA,NA,NA,,,,,,,,,,,,,,,,,
8,8/10/2022,28,3,3.7,20,24,17,0.06,0.03,0.03,SD,CO,GV,NA,NA,NA,NA,,,,,,,,,,,,,,,,,
8,8/10/2022,29,1,3.7,21,16,20,0.05,0.08,0.03,CO,CO,CO,NA,0,10,0,,,,,,,,,,,,,,,,,
8,8/10/2022,29,2,3.1,10,18,13,0.08,0.03,0.04,BR,CO,BO,NA,NA,NA,NA,,,,,,,,,,,,,,,,,
8,8/10/2022,29,3,2.8,18,27,21,0.02,0.09,0.07,SD,PE,CO,NA,NA,NA,NA,,,,,,,,,,,,,,,,,
8,8/10/2022,30,1,3.2,15,16,13,0.02,0.2,0.12,BR,BR,BR,NA,0,7,3,2.2,30,50,20,,,,,,,,,,,,,
8,8/10/2022,30,2,2.1,23,29,23,0.2,0.28,0.21,BR,BR,BR,NA,NA,NA,NA,,,,,,,,,,,,,,,,,
8,8/10/2022,30,3,1.2,35,40,17,0.36,0.21,0.06,BR,BR,BR,NA,NA,NA,NA,,,,,,,,,,,,,,,,,
8,8/10/2022,31,1,2.9,27,22,33,0.13,0.16,0.01,CO,BO,BO,NA,5,5,0,1.2,20,16,15,,,,,,,,,,,,,
8,8/10/2022,31,2,4.6,15,21,32,0.2,0,0,SD,SD,BO,NA,NA,NA,NA,,,,,,,,,,,,,,,,,
8,8/10/2022,31,3,3.2,21,30,17,0.04,0.1,0.16,SD,CO,CO,NA,NA,NA,NA,,,,,,,,,,,,,,,,,
8,8/10/2022,32,1,3.9,12,48,25,0.02,0.02,0.1,BR,SD,SD,NA,7,2,0,1.6,75,50,55,,,,,,,,,,,,,
8,8/10/2022,32,2,2.7,27,32,14,0.06,0.13,0.01,SD,CO,CO,NA,NA,NA,NA,,,,,,,,,,,,,,,,,
8,8/10/2022,32,3,3,33,40,27,0.06,0.12,0.36,CO,CO,CO,NA,NA,NA,NA,,,,,,,,,,,,,,,,,
8,8/10/2022,33,1,2.6,6,16,10,0.46,0.36,0.18,CO,CO,CO,NA,0,5.5,4.5,,,,,,,,,,,,,,,,,
8,8/10/2022,33,2,2,19,17,6,0.47,0.52,0.47,CO,CO,CO,NA,NA,NA,NA,,,,,,,,,,,,,,,,,
8,8/10/2022,33,3,2.1,21,15,9,0.47,0.37,0.3,CO,CO,CO,NA,NA,NA,NA,,,,,,,,,,,,,,,,,
8,8/10/2022,34,1,4.6,22,12,17,0.06,0.14,0.18,SD,PE,SD,NA,10,0,0,,,,,,,,,,,,,,,,,
8,8/10/2022,34,2,5,13,19,29,0.04,0.06,0.03,SD,SD,SD,NA,NA,NA,NA,,,,,,,,,,,,,,,,,
8,8/10/2022,34,3,4.6,19,29,37,0.03,0.06,0.07,SL,BR,BR,NA,NA,NA,NA,,,,,,,,,,,,,,,,,
8,8/10/2022,35,1,4.8,25,69,44,0.03,0.02,0,SL,PE,BR,NA,10,0,0,4,100,200,110,2.4,40,30,60,,,,,,,,,
8,8/10/2022,35,2,4.5,25,88,12,0,0.05,0,SD,SD,SL,NA,NA,NA,NA,,,,,,,,,,,,,,,,,
8,8/10/2022,35,3,4.2,21,58,75,0.05,0.02,0.05,SD,CO,BR,NA,NA,NA,NA,,,,,,,,,,,,,,,,,
8,8/10/2022,36,1,4,14,20,10,0.16,0.15,0.11,CO,SD,SD,NA,10,0,0,,,,,,,,,,,,,,,,,
8,8/10/2022,36,2,3.8,27,39,10,0.04,0.12,0.12,CO,CO,SD,NA,NA,NA,NA,,,,,,,,,,,,,,,,,
8,8/10/2022,36,3,3.6,41,11,11,0.03,0.03,0.24,SD,GV,SD,NA,NA,NA,NA,,,,,,,,,,,,,,,,,
8,8/10/2022,37,1,3.3,7,42,15,0.01,0.18,0.07,BR,SD,SD,NA,6,3,0,,,,,,,,,,,,,,,,,
8,8/10/2022,37,2,5,19,33,22,0.01,0.16,0.09,BR,BR,SD,NA,NA,NA,NA,,,,,,,,,,,,,,,,,
8,8/10/2022,37,3,3,41,53,24,0.02,0.13,0.06,BR,SD,SD,NA,NA,NA,NA,,,,,,,,,,,,,,,,,
8,8/10/2022,38,1,2.4,10,10,13,0.48,0.85,0.63,CO,CO,CO,NA,0,6,4,,,,,,,,,,,,,,,,,
8,8/10/2022,38,2,2.5,9,20,8,0.27,0.38,0.3,CO,CO,CO,NA,NA,NA,NA,,,,,,,,,,,,,,,,,
8,8/10/2022,38,3,3.2,12,16,7,0.28,0.3,0.24,SL,CO,CO,NA,NA,NA,NA,,,,,,,,,,,,,,,,,
8,8/10/2022,39,1,3.3,18,18,13,0.19,0.31,0.13,SD,SD,SD,NA,0,8.5,1.5,,,,,,,,,,,,,,,,,
8,8/10/2022,39,2,4,29,25,15,0.06,0.16,0.23,SD,SD,CO,NA,NA,NA,NA,,,,,,,,,,,,,,,,,
8,8/10/2022,39,3,4.4,17,17,24,0.03,0.02,0.26,CO,CO,SD,NA,NA,NA,NA,,,,,,,,,,,,,,,,,
8,8/10/2022,40,1,3.2,9,11,10,0.43,0.38,0.29,CO,CO,CO,NA,0,0,10,,,,,,,,,,,,,,,,,
8,8/10/2022,40,2,3.2,10,14,6,0.52,0.46,0.28,BR,BR,CO,NA,NA,NA,NA,,,,,,,,,,,,,,,,,
8,8/10/2022,40,3,5.9,9,7,8,0.58,0.24,0.36,BR,BR,BR,NA,NA,NA,NA,,,,,,,,,,,,,,,,,
8,8/10/2022,41,1,5.3,9,14,11,0.06,0.08,0.11,BR,CO,PE,NA,3,7,0,,,,,,,,,,,,,,,,,
8,8/10/2022,41,2,4.9,14,8,13,0.07,0.09,0.09,BR,BR,CO,NA,NA,NA,NA,,,,,,,,,,,,,,,,,
8,8/10/2022,41,3,5.2,16,21,12,0.01,0.07,0.05,BR,BR,SD,NA,NA,NA,NA,,,,,,,,,,,,,,,,,
8,8/10/2022,42,1,4.3,30,28,18,0.02,0.06,0.01,BR,BR,SD,NA,6.5,5.5,0,2.4,80,70,70,,,,,,,,,,,,,
8,8/10/2022,42,2,3.5,36,30,20,0.06,0.03,0.04,BO,BR,BR,NA,NA,NA,NA,,,,,,,,,,,,,,,,,
8,8/10/2022,42,3,3.8,18,11,9,0.18,0.24,0.25,SD,CO,CO,NA,NA,NA,NA,,,,,,,,,,,,,,,,,
8,8/10/2022,43,1,3,14,26,27,0.28,0.19,0.01,SD,CO,BR,NA,0,7,5,,,,,,,,,,,,,,,,,
8,8/10/2022,43,2,2.5,17,16,14,0.24,0.25,0.03,PE,BR,BR,NA,NA,NA,NA,,,,,,,,,,,,,,,,,
8,8/10/2022,43,3,7.8,6,16,17,0.21,0.18,0.39,CO,CO,BR,NA,NA,NA,NA,,,,,,,,,,,,,,,,,